date,delta_pnl,gamma_pnl,vega_pnl,theta_pnl,residual_pnl
2021-01-01,0.0,0.0,0.0,0.0,0.0
2021-01-04,2.1316282072803006e-14,15.422127363374067,6828.46625514912,-5270.721228730312,-6264.168659207429
2021-01-05,-5.115907697472721e-13,6066.90726536112,4801.155966228084,-5724.943786704089,1649.3135618587385
2021-01-06,0.0,2353.4729228155516,-2636.541692455085,-5703.81911070712,2146.5764967546475
2021-01-07,1.8189894035458565e-12,1158.7487766463557,776.7109396385391,-5382.544947765071,1893.6903192939062
2021-01-08,3.637978807091713e-12,3196.0414667463424,-1718.2159768893603,-5175.227106309818,2185.989768206893
2021-01-11,0.0,20165.52155439681,10735.996135282814,-9294.278753905059,-12448.172437046564
2021-01-12,3.183231456205249e-12,10893.978551425846,9331.431239968226,-11124.292781340455,2869.7352495858777
2021-01-13,0.0,934.54533382171,5092.721942212655,-10991.177603592801,3270.85181430746
2021-01-14,-9.094947017729282e-13,545.1406237067563,-808.3686947458405,-11080.131655116373,3486.5682790104484
2021-01-15,-7.275957614183426e-12,13021.34542512226,3912.0160221019746,-11011.31598754469,2841.042105996894
2021-01-18,-1.8189894035458565e-12,3198.7797184557558,18438.164448252286,-17885.856065977034,-22407.58646675661
2021-01-19,4.263256414560601e-13,1083.0900430024988,-4828.567428569446,-20114.762678013958,6171.282342857747
2021-01-20,-5.4569682106375694e-12,33313.98062360842,6077.182579003736,-20259.16569978838,5616.079439122685
2021-01-21,0.0,13526.566438256654,-4392.68234421039,-18568.070032544776,7592.686191960391
2021-01-22,0.0,58843.86535155632,-24044.05145515022,-15814.9038423429,1312.248390523222
2021-01-25,0.0,1311.0343742874968,14910.464774380875,-24622.12340495215,-31012.49555651391
2021-01-26,-9.094947017729282e-13,6244.642835771048,-2209.370231891071,-28169.11565783159,7766.717509152182
2021-01-27,-7.275957614183426e-12,65796.97517882784,-5946.403007387817,-30246.45568360985,5501.31717138883
2021-01-28,1.4551915228366852e-11,29552.63404515758,26535.604934354007,-30708.287487593003,5759.102056657968
2021-01-29,0.0,738.3687572327415,-22182.32033276931,-37066.99192353291,18850.011778862056
2021-02-01,-23998.00404371025,7579.521746767145,15531.184278646087,-25023.071920125825,-33036.585478974914
2021-02-02,-1.8189894035458565e-12,2048.39674050515,-8216.518501077362,-30223.814950928787,8724.419374213569
2021-02-03,2.7284841053187847e-12,3470.4985558056087,-9121.708044886176,-31802.613105229324,9218.801443537508
2021-02-04,1.5063505998114124e-12,291.8030829008324,-20263.065712922406,-33313.04636306921,10867.189443708528
2021-02-05,-2.0463630789890885e-12,40529.628019956595,-14212.882559036067,-33733.93115942801,14151.906899121936
2021-02-08,-7434.629589765205,2554.4504458371966,17290.078015582578,-23262.438850788687,-28278.191709745213
2021-02-09,0.0,3035.6395249381208,-4725.56266759663,-25314.14959207919,8555.092768475872
2021-02-10,7.275957614183426e-12,4039.675603712276,-25379.64380068912,-24171.218267796517,5642.732806955042
2021-02-11,0.0,4823.654725849307,-8494.78098540719,-24286.65459911852,4979.423029813457
2021-02-12,-7.275957614183426e-12,12485.208660666702,576.1928152686751,-27414.27439594784,19938.523696993296
2021-02-15,-70744.67151859928,39276.20007551427,39405.37780013106,-20164.79466741785,-29279.36250321055
2021-02-16,0.0,8652.835866005666,-2014.220411983701,-17723.554691189514,3148.9571053550026
2021-02-17,0.0,2370.199940725669,1090.3782925348344,-21620.99767978664,5142.854406430299
2021-02-18,0.0,16.48959295845109,1058.3858691942294,-24407.588320597948,7826.882501198232
2021-02-19,-7.275957614183426e-12,7865.572917338167,-24351.835865189125,-23846.37722976873,7160.303611249226
2021-02-22,47238.299837783794,20350.94399047866,741.2305684806415,-20796.986279049725,-25960.02810416733
2021-02-23,-4.547473508864641e-13,7473.117771771695,25486.070645160933,-25737.386645938725,7055.263220259907
2021-02-24,7.275957614183426e-12,74700.03383709327,45096.30555419876,-26899.53841745902,-1076.4447228168428
2021-02-25,0.0,151290.94715055914,-25824.98943782041,-22643.9139344045,14002.694124096539
2021-02-26,2.1827872842550278e-11,96606.40224446062,48874.60922418168,-34045.53720340444,-11725.13128821741
2021-03-01,53576.44349051587,96743.30024841228,50901.92792091133,-22330.012129775743,-26300.268736372236
2021-03-02,3.637978807091713e-12,33580.6747937256,24493.238471675428,-35056.688355972925,9179.715960464826
2021-03-03,1.8189894035458565e-12,1051.003220866821,-8356.087257503901,-38315.1470304894,11350.447540886627
2021-03-04,0.0,1759.1115522949367,-5582.414229174701,-40222.414495089775,11061.387347876858
2021-03-05,7.275957614183426e-12,58486.40963919972,20872.39831777597,-44115.00428570852,22581.760772659603
2021-03-08,-63411.87668007627,36420.34109065952,31848.711174466698,-29681.312048241714,-33249.24447376329
2021-03-09,0.0,7283.874520738063,-8226.395277337399,-27898.88030253387,12203.88346463674
2021-03-10,0.0,2055.7840845975047,10735.307985344587,-23314.08605344587,6865.862921005639
2021-03-11,1.4551915228366852e-11,5052.399868570048,-3749.9930094615825,-22042.682591396202,4161.195193510241
2021-03-12,0.0,1196.7174250505902,-19921.9145048278,-25894.250096709417,22747.027484294813
2021-03-15,9738.950090063303,452.471525313455,37031.13046037393,-19618.695605578054,-27943.42918506853
2021-03-16,7.275957614183426e-12,1048.565374210626,7442.3217491447995,-24893.152280045066,6402.158306476791
2021-03-17,-7.275957614183426e-12,1776.7612753897747,2578.129627034967,-28502.72672004427,8363.966504217027
2021-03-18,0.0,21126.384756502983,-61421.24333320106,-28260.089997612125,4625.959886125755
2021-03-19,1.8189894035458565e-12,616.3337609272165,-318.76483251022364,-23791.038405071333,8883.845224143079
2021-03-22,-8617.45636417876,528.9734048584869,32241.559713711486,-20829.658272534532,-28024.19646249027
2021-03-23,-1.4551915228366852e-11,53359.075396618544,-26084.40530289628,-24547.67123273131,6670.3840696923435
2021-03-24,2.1827872842550278e-11,38265.27147459724,50953.22342523107,-26288.274973438994,4135.708634789713
2021-03-25,0.0,1053.8299956550725,-19801.169236263617,-28937.818881507068,11486.569790225178
2021-03-26,7.275957614183426e-12,24006.17670904349,-20992.210120671807,-24931.90918290057,15300.646435781146
2021-03-29,-50698.900367176495,19749.774417373334,46386.345136200296,-25246.594097599038,-35179.71292604944
2021-03-30,7.275957614183426e-12,9327.340279621698,8586.465923965872,-27916.94018160945,6978.411879829957
2021-03-31,-9.094947017729282e-13,108.92767022559578,17013.126986919455,-27350.174895988075,6788.507151516493
2021-04-01,-1.8189894035458565e-12,335.2120618595665,-44365.21211778812,-30616.306762781816,13383.535295096619
2021-04-02,9.094947017729282e-13,84.8555667498373,-9695.775399087983,-24906.96275512938,16648.285486153778
2021-04-05,17327.389266175156,2422.538586172143,39071.370358589666,-23215.5557974766,-33643.985141853365
2021-04-06,0.0,5643.503865796612,-26624.06699959275,-29882.744249436553,8619.26458590648
2021-04-07,-9.094947017729282e-13,1864.2302739200472,21742.955215700196,-30552.30312417427,6923.359486723435
2021-04-08,-1.8189894035458565e-12,4073.3517730663807,-46055.14636269482,-34908.831891168295,13303.566138572103
2021-04-09,1.8189894035458565e-12,10345.35854817215,-46570.549411390704,-31644.299936915442,15834.107127554322
2021-04-12,5200.332269952509,611.1175604517712,23013.63583651164,-22843.600666619826,-30752.31115175268
2021-04-13,1.8189894035458565e-12,2752.6863664496213,-13498.461970554068,-27296.175324809476,8095.079644612735
2021-04-14,0.0,53229.496034308046,33223.44387413718,-28839.570881641743,3052.2251406130817
2021-04-15,7.275957614183426e-12,4243.86232261069,-2404.8425739981703,-28103.262113499437,14375.389837832487
2021-04-16,0.0,137.6653268508959,-30367.130451068304,-22375.05660428003,13066.652793383466
2021-04-19,-42029.64233459127,15790.812179224078,40793.01833746197,-20462.204029261018,-29105.63137734471
2021-04-20,0.0,45148.520515752185,3962.6472034831118,-22005.706174035084,8176.346595871219
2021-04-21,-3.637978807091713e-12,6539.307898217438,-548.4789997898861,-30234.275223724926,9775.907907116005
2021-04-22,0.0,1897.9198749354236,-26664.22427115206,-30264.05614652849,11487.206097445283
2021-04-23,-4.547473508864641e-13,278.2670111915375,-18030.08588638164,-27001.917548341095,13005.363076265858
2021-04-26,-19649.812647690756,4985.091941013589,20816.744957360974,-21874.04873766086,-28280.382082574244
2021-04-27,-3.637978807091713e-12,4949.968564498205,-14371.757315487772,-25625.669570751583,9697.135940805008
2021-04-28,0.0,56374.72705683426,37645.320993953144,-24474.553933659216,-4536.152943835099
2021-04-29,0.0,708.08071724663,-2812.0600704329127,-19608.374036008263,6934.560567176122
2021-04-30,-2.9103830456733704e-11,24203.069590266856,-20234.70787818602,-18711.892378491455,-3205.81030129196
2021-05-03,-3924.06436183564,258.265767947398,33795.82564313145,-19776.858135346774,-27465.82215349416
2021-05-04,0.0,4832.284366963128,14578.800631134884,-23870.645488467748,6078.4525732533875
2021-05-05,1.8189894035458565e-12,1379.0901391252044,-21875.108041593594,-28263.652110760842,8669.536938147648
2021-05-06,1.8189894035458565e-12,1373.44501487604,-15823.333924150482,-28389.867684145058,13890.531235713253
2021-05-07,1.8189894035458565e-12,707.0416406076979,-22687.14440013817,-23665.89525998379,15640.265512800586
2021-05-10,30529.390055251646,9325.050747248764,27242.283231948153,-21373.666127017346,-29636.128232043146
2021-05-11,-1.7053025658242404e-13,35.621454527025385,37982.69537323157,-26559.86932878333,5530.71411382818
2021-05-12,0.0,8422.230366111442,-9975.01748770242,-31316.236715942654,10461.75231531737
2021-05-13,7.275957614183426e-12,7963.200331222907,8060.477807725004,-31506.720257467707,11024.817647753007
2021-05-14,2.9103830456733704e-11,102879.14634944993,-17405.83262441329,-30090.285489960315,21145.01513491261
2021-05-17,32856.23625912773,26935.013364357343,-4172.006988484226,-23233.24592335345,-27940.454528826973
2021-05-18,0.0,158.17594145313402,3549.2150075960385,-27061.847944996938,7557.9588985313385
2021-05-19,0.0,58297.19217227597,39924.95525499505,-29042.71355268062,-1540.1662542333652
2021-05-20,7.275957614183426e-12,4620.556551547929,-16070.437260491768,-28647.990430914993,17726.887673997637
2021-05-21,5.820766091346741e-11,25750.858313214547,-5292.301094376007,-20506.31559814474,12637.819925895106
2021-05-24,34445.665600294495,5410.480626685194,18018.251290120854,-14111.073082652301,-19702.87029346892
2021-05-25,2.2737367544323206e-13,1.3360480930957577,5522.758377764459,-18472.868438824644,5108.797256940707
2021-05-26,-1.4551915228366852e-11,2757.0155698282647,-19737.324444417267,-20475.85556794163,9907.21008554172
2021-05-27,0.0,4904.836529700311,-3274.9705980906056,-16261.096223508534,5812.9763203359325
2021-05-28,0.0,9664.41434362644,-25284.303337497626,-14992.930326051694,13604.424145908779
2021-05-31,32000.92214634354,5363.424884575367,21746.721220144307,-14086.046692502094,-18615.267322028158
2021-06-01,-7.275957614183426e-12,3672.474516674795,7715.0999152765235,-17447.667949191826,5096.324735104361
2021-06-02,3.637978807091713e-12,5210.195421166047,-8422.1188682098,-20670.970725048595,5275.563990498224
2021-06-03,7.275957614183426e-12,6874.734212954546,-16307.810181310184,-21907.286120393677,13336.060501869653
2021-06-04,0.0,18361.9446201413,10711.980096064155,-15951.816385864127,508.146905829497
2021-06-07,33241.91451981285,8600.04444224841,9965.402146022258,-19661.222446275606,-23195.374382273974
2021-06-08,-9.094947017729282e-13,72.50783631876918,5686.350371922058,-21266.841657644112,6046.858159466063
2021-06-09,0.0,1653.7267519049474,-13526.797681713851,-22485.138225280505,5995.939206227136
2021-06-10,0.0,778.4345587268291,-6263.804236165521,-22655.35375507311,8634.382944644409
2021-06-11,1.8189894035458565e-12,4820.428551501721,-21924.090837612788,-20050.677645432854,11544.68852202822
2021-06-14,15718.396382856212,1992.9144013202044,3442.351293044559,-18429.71221025578,-21106.300797569627
2021-06-15,1.8189894035458565e-12,634.8946849661919,-17115.372287945782,-18952.401352525623,5599.791021321405
2021-06-16,1.4551915228366852e-11,60249.07569607485,24408.323114792245,-19666.914633903732,9254.291067893035
2021-06-17,-1.2505552149377763e-12,439.6296682773171,-9615.21648972102,-31250.74277746177,11204.410195931046
2021-06-18,-5.4569682106375694e-12,127988.68308546854,-12861.04273931789,-29745.386678639636,16603.474781131765
2021-06-21,50398.94218699905,29463.126370128768,27577.941604496456,-17568.485033872097,-26257.741581128794
2021-06-22,0.0,7020.878103104489,-5555.916688933903,-25237.853386985305,7675.432573510901
2021-06-23,-9.094947017729282e-13,1953.844189898366,12135.94830811574,-26082.572272742324,6693.434595024577
2021-06-24,2.7284841053187847e-12,13852.84854159565,-9246.683969264443,-28820.037846628344,12495.472055048685
2021-06-25,-9.094947017729282e-13,677.1669301190676,-21457.55290170758,-25782.588882987842,15714.913332921718
2021-06-28,38000.707185586536,15651.223600424153,4578.896209749313,-20272.80744680302,-24244.92270522065
2021-06-29,0.0,2617.5784107722784,1682.7981148974732,-21795.280576980982,5263.771510813389
2021-06-30,5.4569682106375694e-12,1382.0572980417292,-20466.870614634714,-23039.673051687427,9249.895843090719
2021-07-01,1.0913936421275139e-11,2275.6821349832167,-6359.505758439798,-20799.49075314284,10991.533644837176
2021-07-02,0.0,1340.2494049119896,-6928.419021002866,-16270.76260337826,6090.7066781575195
2021-07-05,42007.912056067464,15849.93681765255,14549.697063469577,-16685.659845910024,-21120.633629132746
2021-07-06,-1.2732925824820995e-11,163107.21150240867,4997.0723611956455,-20050.508307682023,-17775.203449758323
2021-07-07,3.637978807091713e-12,808.5834258713988,-14441.433876087076,-15298.668666872343,7498.012056860156
2021-07-08,-5.820766091346741e-11,100092.48436219105,18954.553770597566,-13649.930417124402,-13817.135149181646
2021-07-09,-5.820766091346741e-11,43452.52296831069,-3651.487879502227,-9423.24121295217,7762.299791474477
2021-07-12,-1499.6602290767978,19.730000821912608,8113.453088329227,-18588.942264133624,-23283.9676421653
2021-07-13,0.0,24370.115050946602,-7947.258763587472,-21394.356612300275,8847.380156716456
2021-07-14,0.0,714.8851913375624,5703.541923121255,-18111.282165673605,4227.410677715619
2021-07-15,2.9103830456733704e-11,66666.74842385786,15983.679716685621,-21591.131559641064,-9521.753693246515
2021-07-16,-1.4551915228366852e-11,3574.6919096155098,-13456.31025815869,-13757.385914559189,18811.397875349503
2021-07-19,-102054.43150408153,41498.35563618453,21195.321849308733,-9245.613932618247,-18258.824424792198
2021-07-20,2.9103830456733704e-11,7130.298496106538,15475.482912840213,-7301.760469151826,-905.0128523181484
2021-07-21,0.0,34892.75447346182,10373.885370080283,-6731.160204233884,14004.28927624214
2021-07-22,5.820766091346741e-11,17798.749399243447,19294.8553133269,-12459.604611655945,7493.0944895223365
2021-07-23,-1.4551915228366852e-11,3646.098900247085,-16885.117364846297,-17398.66156839423,9282.279787955391
2021-07-26,28300.70127892286,4522.180589270397,30820.28254692139,-19167.405581448023,-25704.33721193625
2021-07-27,0.0,42950.18213876369,-16589.354512339843,-23856.592953791707,8041.731225445124
2021-07-28,0.0,18816.568696383114,7749.231378429147,-17953.538129420704,4013.789379786118
2021-07-29,0.0,14234.844030667791,1839.0407228923877,-21758.706214938626,5114.575398575427
2021-07-30,0.0,37199.55710294954,-17638.612709058678,-21954.93395877312,7626.631626035465
2021-08-02,-17000.26942703624,1980.1327412426037,-10525.442213472563,-22757.16598101676,-23066.710686076083
2021-08-03,0.0,516.8194602459342,-5176.9123443318,-22480.742984780383,6575.928409492502
2021-08-04,0.0,22.47590506466121,-15821.302668707567,-23369.700537041856,7414.843596737628
2021-08-05,-7.275957614183426e-12,10538.691677045315,-9568.322501371811,-23109.79148049865,7395.371289163915
2021-08-06,0.0,6192.739207092518,-19921.36486224962,-21006.303625322347,7945.578300003865
2021-08-09,-41947.83310697223,16429.584458683898,18489.85305119895,-23452.874810782032,-30267.333843598502
2021-08-10,-7.275957614183426e-12,18417.495567578706,-2752.550307623742,-27015.587603358843,7457.829039421333
2021-08-11,-1.2732925824820995e-11,35005.2414092289,6520.264111851729,-29623.9024505325,10044.242411069223
2021-08-12,0.0,1226.5168411406062,-18472.750933582378,-28185.298482777096,13300.06035583829
2021-08-13,9.094947017729282e-13,92.000376316314,-9816.057362346955,-24144.979174228487,10772.420317649874
2021-08-16,16041.608443409183,2886.56105782155,12610.003365724959,-21065.079245461086,-28575.382718690358
2021-08-17,3.637978807091713e-12,10185.838386188394,-8984.0189101882,-25895.849539586732,6783.788903689347
2021-08-18,1.1368683772161603e-13,1568.5167497720965,-1760.4119669423203,-28577.291366526093,8509.439214736096
2021-08-19,7.275957614183426e-12,199316.02695549923,-2584.8271328376795,-30074.270479802177,10778.359223216947
2021-08-20,-9.094947017729282e-13,18.789124343988544,-10038.792567331626,-19107.983664186526,11478.943953263806
2021-08-23,83073.34179375748,52951.86157222281,40880.65082808287,-18655.711747919035,-22533.474061963178
2021-08-24,-1.0913936421275139e-11,72589.87846620016,24681.17147224689,-27785.01848709199,5703.819264860984
2021-08-25,3.637978807091713e-12,1768.6426169061592,-8264.822648205442,-26728.94239785854,10128.676490448188
2021-08-26,0.0,3457.776440657688,-8684.415556338727,-24972.213412942983,6113.560021306555
2021-08-27,-2.9103830456733704e-11,121257.29683666464,15979.234956411145,-26933.77838227634,-6840.488988968544
2021-08-30,-42838.596471446464,10522.510935911441,31398.52421131505,-15316.411563516984,-20978.782284886445
2021-08-31,1.4551915228366852e-11,4218.232914396325,-6686.455143064104,-15023.804570745304,2867.7196563517064
2021-09-01,0.0,5148.517194958258,-12664.707151037333,-16904.445569040316,3009.3178337333957
2021-09-02,0.0,6418.639892509043,-5572.601315833059,-18670.858512213348,10835.954585474363
2021-09-03,0.0,7007.683019469165,-5660.376578112131,-12742.6684415183,2793.644595271253
2021-09-06,-21464.965690044104,3385.918162297807,9995.921786243516,-17864.310814813278,-19247.987237511985
2021-09-07,0.0,420.03313755339775,1897.7835324600276,-17759.195147257917,4900.872040076469
2021-09-08,-1.8189894035458565e-12,305.59436618270547,6287.704633558935,-18838.083019612488,4816.551581002688
2021-09-09,7.275957614183426e-12,10388.836270420787,-12102.215194421351,-22621.55641303932,17545.634427994733
2021-09-10,0.0,396.65907188219865,-5014.370088262326,-13788.21187780938,7297.940303223348
2021-09-13,-37877.07278438229,9655.732149729794,24819.515183172585,-14714.92965082041,-18133.407546711707
2021-09-14,0.0,500.34215331870894,4505.373196955023,-15207.569065851216,4287.159420149937
2021-09-15,2.9103830456733704e-11,28405.08408954847,21661.613588820284,-15320.31405490381,232.69325720670167
2021-09-16,7.275957614183426e-12,1947.9569056758119,9167.254137209009,-12430.036196364117,3783.792054788035
2021-09-17,2.9103830456733704e-11,17747.078446872547,-7505.417837500518,-14934.8636088331,2191.9402107500355
2021-09-20,31200.963306107267,8013.7376189383685,46582.23174466546,-22762.877260150057,-33643.4589616488
2021-09-21,0.0,24019.57317495186,34717.503663595955,-30552.211486265212,5552.580924015405
2021-09-22,0.0,35470.48437829762,18155.298792807895,-31163.666895137132,7136.102150619539
2021-09-23,-1.4551915228366852e-11,17490.612871270125,-17397.941650839493,-25559.387372864672,19933.13405876918
2021-09-24,3.637978807091713e-12,188.176438626913,-781.1500347953308,-12264.071705613856,5871.6899839581
2021-09-27,2346.9706289888436,29.485702656755787,2451.9778011699696,-14384.302345283817,-16704.02035266797
2021-09-28,0.0,17488.878352509648,560.1343640883424,-14898.793764114109,2893.2682152955676
2021-09-29,0.0,18866.320961649973,-9005.650454878529,-20379.348708319365,2921.3414939184004
2021-09-30,-7.275957614183426e-12,13639.895929645034,23532.989605286784,-25016.769515492695,8829.410485843422
2021-10-01,8.731149137020111e-11,110026.44192989016,23523.176226629093,-20699.99353366234,-9131.962986245111
2021-10-04,-42600.46588449147,9996.532187019051,27170.99328562194,-15818.320202282794,-18623.01940949222
2021-10-05,2.9103830456733704e-11,21985.33595167268,9593.784715676213,-14607.120054616225,3543.373535668099
2021-10-06,0.0,2026.2993295544657,2900.1911726236967,-10323.820316369583,2558.2750695780705
2021-10-07,0.0,137.1215550318631,922.0463059473373,-12282.095009552542,4655.564789555472
2021-10-08,1.4551915228366852e-11,3295.0903412646303,2977.257201848022,-11136.535357832718,4782.946044253622
2021-10-11,39501.00848669409,7669.150792668597,-3310.1954460266857,-13991.626939990107,-19269.092276008378
2021-10-12,0.0,12904.61566704704,20426.633548208443,-16432.94871038135,2755.3567916487664
2021-10-13,7.275957614183426e-12,4025.863727582391,-7942.770336830597,-15009.228496207354,6932.086879008159
2021-10-14,0.0,10068.97695345798,13266.558378343632,-12242.487937965323,2568.798463995452
2021-10-15,7.275957614183426e-12,1406.2885222784355,-739.8254879828419,-9890.708740697697,4358.0891487845
2021-10-18,-1900.05199530548,17.60294947162783,8318.180713559434,-13106.067540404669,-15311.451735142282
2021-10-19,0.0,14794.223963333887,932.3056636061833,-13642.90571437367,5086.71034597019
2021-10-20,0.0,6045.2993739047115,4805.194758181402,-10157.244398102468,3457.77605048228
2021-10-21,1.4551915228366852e-11,5062.915016221591,-5170.752701869497,-8192.246931535108,1275.172110472704
2021-10-22,0.0,640.970210208555,-2721.677377785631,-9724.405923535545,2952.730552847439
2021-10-25,-34100.91118737515,6754.498503971017,16991.69379211097,-14366.395929648379,-16271.197832069702
2021-10-26,-9.094947017729282e-13,28.157641875038333,-2366.3307637431044,-13819.198907627395,4147.8615781942535
2021-10-27,0.0,25422.346869673085,-8078.519923653166,-13950.863096855292,2726.67187617757
2021-10-28,7.275957614183426e-12,6825.535628099494,11705.61296023821,-17957.50058568901,6329.308603028359
2021-10-29,-7.275957614183426e-12,2875.307071442566,-12668.587403027203,-15896.96350197023,4661.879193985529
2021-11-01,-2749.7840361639383,61.948193287570156,24717.913976615626,-20293.855365884534,-26372.71467346386
2021-11-02,-1.4551915228366852e-11,109882.34378421245,-9777.866414017559,-23405.43987321176,7806.68568888088
2021-11-03,1.8189894035458565e-12,238.47230336656762,2627.98462754722,-26839.151051106684,7379.294702573319
2021-11-04,3.637978807091713e-12,2541.44946934366,-33257.15748611102,-29329.459276438425,12843.237442693375
2021-11-05,-1.8189894035458565e-12,494.36067616067453,-19836.914108051842,-25334.11336194426,10522.31699017403
2021-11-08,8944.18306787491,15302.767067511477,11315.183327144085,-16054.118020167985,-23454.85831105993
2021-11-09,0.0,2140.193771620299,-3957.5866663639094,-21480.033268400777,7584.494764146928
2021-11-10,-1.4551915228366852e-11,34387.95898896692,-6201.204484896226,-20419.53681720354,6950.624357764638
2021-11-11,-1.8189894035458565e-12,120.36026801087647,1871.2339865861795,-13186.317739313023,3921.191644660068
2021-11-12,-7.275957614183426e-12,1249.3868809343899,-4459.884192873049,-12749.993692953398,8617.772753461879
2021-11-15,41499.007010599584,9647.315510780667,18475.41629791151,-13469.949099550277,-18298.558887347433
2021-11-16,0.0,1571.9875463180022,5771.539569916949,-16795.53704142768,4402.127729658874
2021-11-17,0.0,68.08567966474752,-14690.280125684105,-17795.92063421595,6428.843166769795
2021-11-18,-5.820766091346741e-11,102653.9722018839,600.2245870992938,-16414.32293166096,-13414.490548090107
2021-11-19,0.0,6016.760174570946,-2011.028009749742,-10981.62350609074,5591.557403249884
2021-11-22,27800.761118423732,3873.646388353974,11039.462769374932,-13330.436873952021,-16850.36323489708
2021-11-23,0.0,3644.797784943624,14519.763901598675,-15114.442573884622,4255.112690251364
2021-11-24,1.4551915228366852e-11,7972.065412740563,-8560.421305443615,-16934.96836384452,6542.363089256025
2021-11-25,-3.637978807091713e-12,1074.6629139670138,-21534.03558944504,-15313.999211305105,6447.487064761666
2021-11-26,0.0,238391.97528699308,40668.55486183146,-13756.531128913899,-84063.09671981004
2021-11-29,83652.06121636031,22150.449438539777,32987.35640954424,-12135.751769448138,-15092.212405841157
2021-11-30,0.0,17514.1816678242,16656.161831607606,-17341.69381441145,2677.735416376381
2021-12-01,1.4551915228366852e-11,3535.6608903653146,-24429.954038903234,-15356.039135487754,7982.152524224293
2021-12-02,0.0,486.9595359712375,7370.2935646889,-12532.634655837262,3191.382880710764
2021-12-03,0.0,23779.343319442767,-9284.585119710591,-12689.27026079999,5675.730794931907
2021-12-06,130553.57431313157,55968.95409912409,34980.6275519248,-14658.616991960245,-16949.618872333638
2021-12-07,1.4551915228366852e-11,39755.073889092346,3976.4006481478746,-19916.194719474406,4036.401028691471
2021-12-08,-2.1827872842550278e-11,40293.46473488447,28651.74887435283,-22375.707186698186,6354.106963775877
2021-12-09,-2.1827872842550278e-11,47178.94071124995,7430.412290033848,-29366.208079892887,1306.374212510993
2021-12-10,-3.637978807091713e-12,2967.2280792035745,-15255.218119544374,-26101.468272481005,13762.815365146591
2021-12-13,-73592.53773327725,32874.48129613413,8525.993544085963,-26713.87568119905,-34548.3551346958
2021-12-14,-7.275957614183426e-12,13886.802089105406,-740.3578767711413,-29023.430885260637,9614.92444985469
2021-12-15,1.4551915228366852e-11,37050.98131073646,35397.497665473704,-27450.737393030373,11093.55654289195
2021-12-16,9.094947017729282e-13,264.3194039658984,-49055.17683981898,-37060.52508942596,15118.8079028129
2021-12-17,-3.183231456205249e-12,1578.008299083333,-33854.7442511097,-32391.58049088372,19614.07820211669
2021-12-20,-39026.84782993621,10665.591892261953,1024.5559437583975,-24196.898227528374,-32773.2303681946
2021-12-21,-1.4551915228366852e-11,102169.50971634098,36090.39326047161,-28770.7981925502,-5586.088749281189
2021-12-22,-2.1827872842550278e-11,2737.891084461441,-752.1350124496155,-21440.904869421352,8187.408967699408
2021-12-23,0.0,22499.45892632568,26168.909338640507,-18324.380431034297,-1630.6502030788688
2021-12-24,-1.4551915228366852e-11,1301.479624779571,-9088.81150489653,-13250.2917119011,6491.043707195306
2021-12-27,8299.032757004326,324.7307324216967,22391.022430179983,-16788.352250249947,-21604.0265523176
2021-12-28,0.0,24081.913522434323,18772.04526820852,-19419.63852567514,3375.938459714176
2021-12-29,-3.637978807091713e-12,217.42798564699336,-6604.963606360245,-15988.55055066229,4846.037441333305
2021-12-30,0.0,2659.061608798555,-13229.520454430309,-16017.157764862724,3786.64021635722
2021-12-31,-1.4551915228366852e-11,3823.9587361528247,-20621.22686617059,-16870.37157314122,4417.992678558323
2022-01-03,12200.382437933102,994.0929062297561,14446.51668874457,-22142.050972549157,-28754.131276673048
2022-01-04,-1.0913936421275139e-11,4268.095380549709,-2253.631564418886,-25919.624424353347,9002.355807711981
2022-01-05,-3.637978807091713e-12,1723.1459832239932,-25723.25089622637,-24072.687634059395,6904.116163154606
2022-01-06,0.0,7268.658964031221,-11600.870287555634,-23949.264222535287,5384.602846287831
2022-01-07,-1.8189894035458565e-12,1363.7532186223862,-20582.653187945656,-27766.808055919588,20686.87986327271
2022-01-10,2982.8497543719313,74.38570456406657,3438.6095247061867,-21102.4814649837,-25173.440865481483
2022-01-11,-7.275957614183426e-12,36838.545651270455,13828.333178169112,-23036.42862482333,6283.851636563719
2022-01-12,0.0,27033.375214113006,13561.459706404978,-19695.997032768202,2947.6620618082525
2022-01-13,2.9103830456733704e-11,31076.09696533638,-20229.25811314027,-15286.093299101052,403.57313802465796
2022-01-14,0.0,844.4188058000755,-14799.20810695157,-19921.24953059272,9560.591623319699
2022-01-17,-35731.05935694672,12033.291905162108,39039.44071648807,-22340.92239143157,-29117.57872549091
2022-01-18,1.8189894035458565e-12,1351.323143693448,-12496.641164974319,-24785.358316052843,6933.931012153109
2022-01-19,0.0,1102.8865517468369,27981.685615624385,-25858.739736070624,4945.433932221393
2022-01-20,-7.275957614183426e-12,8887.890024416467,-30201.210918593853,-30080.32569307972,6884.778790707685
2022-01-21,1.4551915228366852e-11,152831.03235082026,-29461.42457369305,-32373.006763785183,33035.73513471918
2022-01-24,-36320.443850777236,11697.7589687779,66531.17121534613,-21375.912511054124,-33762.048725058325
2022-01-25,-1.4551915228366852e-11,12680.58278875881,25603.731223154104,-24508.486649871473,7467.985451681612
2022-01-26,0.0,23467.32888566101,-12244.765638606663,-31133.141541831283,7692.742518137529
2022-01-27,-1.4551915228366852e-11,60119.332584291595,43477.89456269038,-34756.19022144036,6587.08502583886
2022-01-28,0.0,15905.250684207951,-31056.427448335337,-37632.41636786456,9428.300040140253
2022-01-31,-2220.7478923702383,1326.7778638746465,-15154.396717637686,-27562.299095938644,-30955.893668296325
2022-02-01,3.637978807091713e-12,16333.159635721477,17291.442698182556,-29999.130364243312,8512.241784258491
2022-02-02,1.8189894035458565e-12,314.3268404304268,7373.102511702968,-28879.338425414375,8168.587197691368
2022-02-03,0.0,1581.4900357336528,2247.79658438523,-30299.785942410606,7530.598927437
2022-02-04,2.9103830456733704e-11,105633.41763148163,-49521.024881594705,-34119.75112502055,13952.123867903021
2022-02-07,16281.948941866427,8976.809211788457,39235.59226741067,-25687.979959660326,-34627.47964515208
2022-02-08,6.821210263296962e-13,9590.653019074456,-20158.596540239618,-31527.472299300705,11041.168586138348
2022-02-09,9.094947017729282e-13,1243.8733697032553,-11976.54797236341,-30701.975704402736,8955.900821516829
2022-02-10,-4.547473508864641e-13,1179.5260930505112,-21256.04574927156,-33023.73639955879,12459.365499472318
2022-02-11,0.0,619.4958299572774,-3057.202643936913,-31253.437231113738,15624.110028640607
2022-02-14,12141.092187026003,1564.9805690975682,64822.92559588063,-26067.80786837689,-38443.34747131143
2022-02-15,-3.637978807091713e-12,27499.382807677706,-45777.779505197264,-32792.885501307464,11632.462672362191
2022-02-16,9.094947017729282e-13,894.7485173481381,-9932.315462200237,-32388.776344082624,9253.931507270056
2022-02-17,-7.275957614183426e-12,13359.937674842007,-3750.5733581656896,-34430.10685555911,11100.945999472711
2022-02-18,0.0,14331.935106876601,-36637.98850425712,-35184.57406860589,29681.076472657667
2022-02-21,-12422.322230131715,1384.5216756002997,4325.981847595205,-21011.673965033184,-23587.605286652797
2022-02-22,0.0,76391.23816151259,14264.099630566176,-21489.72550470027,14081.548373380487
2022-02-23,0.0,5100.592943151009,5587.689576641108,-30427.13945101893,8330.429701822284
2022-02-24,2.7284841053187847e-12,6201.3337897063775,21190.625197507525,-33633.00734660595,7798.821581167587
2022-02-25,-7.275957614183426e-12,54279.943189894126,-9134.954196797411,-38352.22277339655,22948.510732064977
2022-02-28,-55224.822035612,33611.68752156307,66896.07537222367,-21923.016887195885,-37756.98471956214
2022-03-01,0.0,2.3266245461917623,14708.493072348483,-20527.78962778663,6639.818054058528
2022-03-02,1.4551915228366852e-11,8337.633605722534,21584.566786463914,-22424.230813033457,7772.294999943508
2022-03-03,0.0,1941.5089119697238,-3551.6380639084273,-19361.68699750737,2666.783311488878
2022-03-04,2.9103830456733704e-11,22617.08796702316,17586.250835022365,-21821.593884961763,10538.723973258951
2022-03-07,41678.23542986065,6834.504342373721,38912.07455875722,-17067.898371905652,-24642.52490481049
2022-03-08,7.275957614183426e-12,3507.836500382364,3937.081538299635,-23789.793144899846,7743.482528886227
2022-03-09,2.9103830456733704e-11,15310.00609316337,-11658.65148027721,-21393.90727809549,3797.932069492963
2022-03-10,0.0,4043.785597397022,9664.035904256098,-27578.886308759233,7230.948137276202
2022-03-11,0.0,2098.6199249224987,-25151.536660800964,-25505.382525770736,33176.65910221645
2022-03-14,80302.21160032312,30324.11761405755,-4253.605285306871,-20046.300456441535,-25096.406304276446
2022-03-15,-7.275957614183426e-12,2506.656824622005,7245.584499641878,-26059.810082249627,7954.320682582084
2022-03-16,-1.4551915228366852e-11,19434.85478280027,-22913.66956834013,-25660.536009579788,9006.838147472321
2022-03-17,1.4551915228366852e-11,11773.72941008164,-13107.847594032812,-21668.87958838513,14310.168167616248
2022-03-18,-5.820766091346741e-11,59298.22203981606,27073.35020809031,-16732.10871861087,-1575.0432963499916
2022-03-21,-25100.68032601486,3131.8755896511557,25924.707333813207,-17141.7063988064,-20557.101271298823
2022-03-22,1.4551915228366852e-11,3801.036392553331,-14092.264120501914,-17493.64741677353,3951.9884633092006
2022-03-23,0.0,47830.03387235202,15427.502841017893,-19035.367596675627,-236.05782803797047
2022-03-24,0.0,2257.9238618066174,15988.337909413389,-12183.651877018778,3042.0201693144045
2022-03-25,-2.9103830456733704e-11,23334.741799962016,11493.657822401612,-11048.176164518498,153.2638315744116
2022-03-28,114853.0683168291,47598.81434199485,3977.7750933640446,-11484.67721315808,-19965.144952861912
2022-03-29,-1.4551915228366852e-11,9446.344958742426,-9144.311954529383,-19899.09406887928,4754.828689132919
2022-03-30,7.275957614183426e-12,16421.26749080402,27398.988948738664,-23618.39384279141,2709.4589574928104
2022-03-31,-5.820766091346741e-11,146832.19572560146,-13816.37742393506,-22125.05951785085,-1164.102974450303
2022-04-01,3.637978807091713e-12,40179.04399392778,-13024.132018591261,-36644.08684776127,24140.52258169337
2022-04-04,-86993.92452390419,53699.0689360309,41946.07258416134,-22813.353400753105,-32595.857109820732
2022-04-05,1.8189894035458565e-12,859.6745045647049,15205.827335956568,-22181.494486074615,6535.962355661537
2022-04-06,7.275957614183426e-12,5747.149621938058,5507.204859352711,-22764.050782996022,6264.00492788072
2022-04-07,-4.547473508864641e-13,54.51760016222469,-19182.839301238055,-27074.696462501517,12464.679041466523
2022-04-08,-2.9103830456733704e-11,80307.0453485708,17272.330522115277,-22280.272705626696,1068.645584504673
2022-04-11,133382.208597415,107910.97415289149,-25376.61511292716,-21016.022755029448,-28502.239475399998
2022-04-12,7.275957614183426e-12,64444.19653391659,21467.63723048932,-27336.484999866494,1769.6866078161984
2022-04-13,3.637978807091713e-12,3493.5869504069087,34510.23704747949,-25557.368581944193,5076.699591911994
2022-04-14,0.0,1649.744042434571,-23734.74215216984,-31976.264706086706,16929.518526924163
2022-04-15,-3.637978807091713e-12,2711.1363277691275,-12136.887690833977,-24614.333836208098,10548.050919813715
2022-04-18,27944.67695199352,6155.494939964653,43101.57254610366,-24185.981825571616,-35527.36134427463
2022-04-19,0.0,5494.406500087758,-3158.5719932912275,-29450.167310451616,8265.143608618295
2022-04-20,9.094947017729282e-13,5182.982645537644,-18493.173086269726,-31217.162283624097,13080.31201169848
2022-04-21,0.0,37344.97188145024,-10937.213367541466,-28819.005298590455,7317.9393900215
2022-04-22,-1.4551915228366852e-11,11581.285888434642,-485.82612297184005,-23464.48952827187,7516.711454160664
2022-04-25,-100780.84979248079,70897.77053168647,49729.760051691715,-23894.405827702827,-38753.287495085795
2022-04-26,-2.9103830456733704e-11,26017.351919584697,18300.56780101561,-23646.901170271824,2789.150182239362
2022-04-27,0.0,209.30481264964828,3061.950280046101,-19154.002241012564,5535.031738472751
2022-04-28,0.0,4241.050162258819,-646.6060093610363,-18461.302602387717,11780.261835527417
2022-04-29,0.0,25.13637558787253,-5277.3735506514395,-11686.292643237432,6363.324457407987
2022-05-02,-40540.96793277217,5047.521702752575,27419.1306878237,-13594.323120196363,-15817.06800286632
2022-05-03,-1.4551915228366852e-11,3667.339442135517,10107.312825959461,-14066.344985392072,2140.6128543087107
2022-05-04,2.9103830456733704e-11,9934.926789450772,-2565.2438433566567,-16572.33338928376,3455.010354027356
2022-05-05,-5.820766091346741e-11,109356.1139482292,18622.08275534732,-19429.058954706627,-15623.925136229722
2022-05-06,7.275957614183426e-12,213.98710957448944,2633.523934301078,-12355.991737906174,4168.520338122755
2022-05-09,-197605.62646824867,121762.0201029269,46135.37337140649,-17517.8303621432,-46574.26430760173
2022-05-10,1.4551915228366852e-11,2693.4337770968664,9836.427483376112,-13610.130272418493,4219.806506900903
2022-05-11,-1.8189894035458565e-12,12.170457129445142,-15882.497261060613,-12545.542462907642,4641.0421757337535
2022-05-12,2.842170943040401e-14,0.003952161551404437,19797.81677480957,-11337.514540777023,3649.3070239644767
2022-05-13,5.820766091346741e-11,10803.27641278866,-9567.418100599496,-13033.910182482769,1239.0034539892804
2022-05-16,-28600.8065273455,2555.8084532108587,6019.971443663463,-21341.03041003375,-22768.72996517458
2022-05-17,-3.637978807091713e-12,488.93353954623456,-10108.723185111505,-21084.908947082025,7416.220802962982
2022-05-18,-5.820766091346741e-11,72650.05962647355,-13256.359998715901,-20226.789799779424,3103.3464120614226
2022-05-19,0.0,23505.33097090006,5031.938252652226,-12978.717772021559,7158.089698973985
2022-05-20,1.4551915228366852e-11,4861.706885918617,-28819.1330579158,-18336.58024188078,12086.36667992323
2022-05-23,43401.200126103955,6355.861043903458,8422.519607421422,-20401.82806835977,-25263.507351134307
2022-05-24,0.0,656.0155478486145,-12318.118069161177,-23548.217271155318,7671.332473565681
2022-05-25,7.275957614183426e-12,3367.628769646907,-4772.419956025582,-22506.74946994445,5856.895766896254
2022-05-26,0.0,1924.7564086274947,-35270.99393540216,-23984.93348766331,15455.609892554936
2022-05-27,-2.9103830456733704e-11,34025.80415379656,-12034.832606614462,-19354.50623628199,3519.9970823434123
2022-05-30,25150.70535736266,3865.7189609589723,11001.932739906655,-26157.754046649286,-31617.509460732734
2022-05-31,-1.8189894035458565e-12,34326.92998842128,13347.59464124982,-31066.24208585743,8426.600245821846
2022-06-01,7.275957614183426e-12,8079.606160612627,-28321.693344766612,-33551.37605521132,9531.466752388573
2022-06-02,1.8189894035458565e-12,4521.386092697372,-9729.4310303288,-33692.102320491875,10235.144006933264
2022-06-03,0.0,14184.943924423465,-51752.60195352972,-31598.846080044466,31424.767549716766
2022-06-06,32560.90247120805,7423.676312187089,65230.356770295875,-24904.92046597753,-37463.69693951699
2022-06-07,0.0,17001.588864759568,2846.693199964254,-29542.332676106456,6539.280084230093
2022-06-08,1.8189894035458565e-12,1902.066553888287,-18729.279680694544,-36427.80341732098,10425.623245890762
2022-06-09,0.0,11711.849414333235,-35768.0802491413,-38402.40644093283,12733.447777685491
2022-06-10,-2.8421709430404007e-13,3394.101479514991,-41457.753247692046,-37994.42018644757,16294.286104981991
2022-06-13,-39213.80250584697,65303.35927435802,92992.01388070962,-25929.757555582215,-45362.704443709954
2022-06-14,2.9103830456733704e-11,112249.30010344365,5975.08582185081,-34889.00990645932,3558.753538719029
2022-06-15,0.0,6114.0772884627895,-8626.713672686601,-25840.680374487845,4268.854787722346
2022-06-16,0.0,53471.7698183357,-1552.5376145809234,-30250.887439190195,15257.896623686887
2022-06-17,0.0,433.92659350217116,-8228.411004750507,-13671.951573660961,7559.485801625189
2022-06-20,69835.41460419996,14425.100655668986,39673.10631941181,-15386.85345800329,-18591.53772145763
2022-06-21,1.4551915228366852e-11,7904.156605912294,9056.439003259607,-23754.677785269887,8002.98516125817
2022-06-22,0.0,48178.137296982764,-5173.688706226763,-31374.946511863836,6354.415908779949
2022-06-23,-1.4551915228366852e-11,3839.2425627122298,-34160.6983086907,-22308.793407641868,28437.515894842596
2022-06-24,0.0,25605.636612427115,-1805.2542595552945,-13308.987634768815,1353.0770042213844
2022-06-27,36951.00924088135,6022.228301909283,6498.016052399803,-20335.16191919277,-24737.47170586961
2022-06-28,0.0,1179.5054166184448,-4380.913256457016,-22065.332526869766,6658.105248805747
2022-06-29,7.275957614183426e-12,2367.7231383862336,11650.10395190292,-22279.26795538552,6392.42254607474
2022-06-30,0.0,88.18018605975405,-17504.77639786216,-25354.715003732206,13885.888792168382
2022-07-01,-1.4551915228366852e-11,5318.097178897006,-9071.827304521374,-21129.283454740154,7770.315624025112
2022-07-04,102946.7559266653,63876.75486738159,66807.79516431803,-25024.26605900639,-34452.52581494376
2022-07-05,1.4551915228366852e-11,37075.72544496618,4503.343128312892,-30436.995370185792,4047.46881826187
2022-07-06,-2.2737367544323206e-13,164.23717324428014,2339.6201498844794,-33458.02395713599,10052.226840985328
2022-07-07,-3.637978807091713e-12,34114.05237455314,1535.947055485713,-34149.61905279236,7770.696658475197
2022-07-08,0.0,8543.335272918202,-32431.364385496672,-35837.48032853987,15624.724774719856
2022-07-11,27514.607010895168,8613.06949169835,27423.553246233085,-24548.12091572807,-27818.53496873597
2022-07-12,0.0,9559.528701378682,-15559.906235068487,-23871.158705975868,4276.184071092328
2022-07-13,7.275957614183426e-12,4856.177007211136,18802.43387454636,-26927.318927688448,7056.948603055236
2022-07-14,0.0,137.3248933724678,17342.631530022038,-26046.17418820829,8528.422072953452
2022-07-15,0.0,0.19510931846041413,-48.39215104974937,-24489.06659715396,9257.447878042076
2022-07-18,-9596.2142929878,541.2015327424672,30427.385441593276,-28456.414310864067,-36352.56588844107
2022-07-19,0.0,56535.169340492655,31121.598167903157,-32403.854880157625,5372.239281778486
2022-07-20,7.275957614183426e-12,1351.0656315529436,-13739.496113080526,-24088.155456032506,5949.26049019827
2022-07-21,0.0,247.8467198631506,-13764.040182317858,-26899.846875446645,10553.733036206184
2022-07-22,-2.9103830456733704e-11,4605.033241920023,-2864.2784087583987,-24617.405258435163,16414.08918530913
2022-07-25,-88206.1565359002,40490.53293387533,47421.5358402133,-22918.22212513283,-30908.969198202714
2022-07-26,0.0,4821.818994355187,-3680.2699712292315,-19702.774047756764,8586.53166506286
2022-07-27,2.9103830456733704e-11,21166.967240455444,9487.682589101489,-15194.421235115102,3191.7048921353708
2022-07-28,0.0,1352.6799794408635,6952.988649549898,-9963.15695008402,4529.705251172854
2022-07-29,0.0,1432.8098816180286,2673.9376842672964,-8628.309216685759,3966.257562314757
2022-08-01,-450.0111979329233,0.6409974314722884,7191.261291748851,-12701.87259167557,-14890.429617038657
2022-08-02,0.0,7635.390993027751,-361.57358010435007,-12438.870684414753,3529.5026426285767
2022-08-03,0.0,12984.26103599199,10559.628591464583,-15443.495483641063,2271.8526381443953
2022-08-04,0.0,28293.197507944657,-15342.158486886756,-12380.867127990685,-365.51245204065344
2022-08-05,-4.547473508864641e-13,8.27868445261891,-5272.6104474979975,-15431.807524650827,6377.935105399609
2022-08-08,-42847.87597570454,9044.681235934904,7724.6269912432945,-19688.886312710158,-20683.093097577897
2022-08-09,-9.094947017729282e-13,49.58564199826543,3824.9491111574143,-18484.266363374718,5509.426575775433
2022-08-10,0.0,83901.76977309893,4266.084434711392,-19259.569961625875,2388.2781923925504
2022-08-11,1.4551915228366852e-11,4209.729386079644,-6699.095704595959,-11596.28695702368,1902.6564615263196
2022-08-12,0.0,1061.226749238291,-3057.746033892493,-13033.155607384491,5023.384517528728
2022-08-15,48650.03885171855,12427.373829250128,-1622.5731545830158,-17127.798767717602,-23426.33034196838
2022-08-16,1.4551915228366852e-11,8888.541172928708,17300.341871906672,-20365.174845333644,4840.290567355405
2022-08-17,1.4551915228366852e-11,15490.076194768322,-36714.97324153166,-19734.411984774306,3466.314917220152
2022-08-18,1.4551915228366852e-11,27314.92014070714,-12678.491842675216,-21071.419091907235,10775.140427766208
2022-08-19,7.275957614183426e-12,1935.5714874128407,-12153.932931202206,-15387.863674295015,4685.197452338471
2022-08-22,-65399.9073384872,35305.03155033378,53934.602814117105,-20751.96431342487,-30829.215630594743
2022-08-23,0.0,50982.84377157291,31621.273892491292,-19921.640389177388,-5536.600528340379
2022-08-24,0.0,2853.2491067838923,18777.668991297753,-13227.418064110054,2767.3463087460113
2022-08-25,7.275957614183426e-12,1767.9882513198618,2880.949370582213,-12440.690198544313,5038.40750301144
2022-08-26,5.820766091346741e-11,27042.53393903303,-21752.173220009598,-9441.284615393128,-5027.609840887075
2022-08-29,15043.747168549988,1285.555797543949,5623.67977236179,-17165.476147303245,-21832.855554531518
2022-08-30,0.0,34993.95379288198,706.7625455624934,-19743.578586676686,5903.132937777307
2022-08-31,-1.4551915228366852e-11,197196.31371711713,-19319.865650813805,-26763.525613780505,4942.656317976776
2022-09-01,-7.275957614183426e-12,3778.0392158286404,24988.593308218467,-28968.01152404122,5334.315421280087
2022-09-02,0.0,7495.139609211263,-13582.468854427749,-32770.02104452852,10953.126426633375
2022-09-05,-9019.084998629362,25440.7331276906,47456.23011372837,-22326.19458868266,-30767.716529107245
2022-09-06,-3.637978807091713e-12,2758.3937065149585,-23583.17273859745,-31961.205673719884,11657.970583028535
2022-09-07,2.9103830456733704e-11,33447.43099556511,8898.543650101852,-30198.139316774355,4286.039526559514
2022-09-08,1.4551915228366852e-11,11758.423388715373,-30299.48605918557,-25751.461291185744,21097.23251775415
2022-09-09,5.820766091346741e-11,23072.508964580324,-6812.483554160948,-14919.137246114144,-1220.0606069724017
2022-09-12,-1730.4330379360504,18.808527973941978,23915.133879141373,-21060.158193966236,-27643.748918958172
2022-09-13,2.9103830456733704e-11,61558.309966739864,8362.676859931213,-24264.4148649036,-2481.795025054016
2022-09-14,0.0,301.1068245193712,1167.276760300048,-18420.316936972315,5861.060675907862
2022-09-15,-5.820766091346741e-11,54955.33931571453,6321.09137514739,-19093.152460208883,5194.93681952497
2022-09-16,0.0,3546.9221501220145,1511.0897169112895,-11801.56350632887,4616.534940589918
2022-09-19,-15049.818700609088,770.2531309431935,19700.05440381122,-15629.32479139058,-19076.057743230394
2022-09-20,0.0,21963.154543530385,7356.690736575121,-16478.43572453218,3452.7615470431338
2022-09-21,0.0,36518.852315548764,4046.387751407522,-13716.36192352082,6163.640984791564
2022-09-22,-2.9103830456733704e-11,9897.284472932675,-11908.048162578709,-19424.785193832202,9263.011796214225
2022-09-23,0.0,8253.001861964554,820.5961078654682,-16228.82715235949,6542.654520432334
2022-09-26,-111498.87050530178,47470.658918884496,24901.845310841338,-19065.150863451156,-26497.153695035726
2022-09-27,-7.275957614183426e-12,527.8220301179604,2389.4625284935446,-15908.620942358164,5217.874324873985
2022-09-28,2.2737367544323206e-13,1.579771619294904,34919.01691065443,-16386.19668895163,4317.1152487121835
2022-09-29,5.820766091346741e-11,42275.948217522804,3146.840514870133,-18805.86866374375,3378.3195034118253
2022-09-30,0.0,50233.61409726953,-1262.1745610541388,-13983.332637010553,7485.85300384881
2022-10-03,209990.9447537352,85354.67529412851,42841.58892950917,-15420.703548079242,-10263.67366719048
2022-10-04,-1.4551915228366852e-11,4794.847157477364,-6922.193110136634,-23237.217989112447,5626.406911546248
2022-10-05,-1.4551915228366852e-11,7280.435681771012,2852.835192893377,-24105.602942791385,5874.39955892312
2022-10-06,5.820766091346741e-11,51365.908055895445,-9570.967900062555,-25667.600382218934,5193.47260810429
2022-10-07,1.4551915228366852e-11,11312.035420193073,11477.361490313422,-21421.684758649782,5067.718802685442
2022-10-10,63697.242074596405,17535.271993453905,49235.609647183155,-30561.597228893595,-41583.49184534842
2022-10-11,-4.547473508864641e-12,26993.834055488813,-15915.25781342005,-38725.63395765482,11589.04303985348
2022-10-12,2.7284841053187847e-12,122.02149126243751,13686.794368677456,-35254.47816598237,9428.461009339228
2022-10-13,-2.9103830456733704e-11,39741.57403344629,-16439.987500462306,-40015.04923965815,5090.465351110834
2022-10-14,7.16227077646181e-12,16442.227516154933,-41466.19732466666,-40539.76339222678,35838.500044291824
2022-10-17,31630.760342702197,5015.751403501803,20005.338853593792,-32703.688601861824,-39736.45838508956
2022-10-18,3.637978807091713e-12,6178.364038269063,31892.020838672484,-36770.97482967202,7373.029090410364
2022-10-19,5.4569682106375694e-12,3958.125756238767,-21259.867182830745,-42244.59495068799,14699.318351032984
2022-10-20,0.0,7907.755089180359,-54598.78362053142,-43001.31582162357,27781.590353487933
2022-10-21,9.549694368615746e-12,33480.86530412584,-365.1742738836532,-32533.358105415595,9078.481096563548
2022-10-24,-21837.109765878195,14416.477823392797,2167.5141312892347,-26208.95224040698,-35186.293579851495
2022-10-25,7.275957614183426e-12,7200.827225792789,-20186.824964303207,-32024.35357175147,13705.844051634725
2022-10-26,-3.637978807091713e-12,1275.336606016403,3847.1886400831736,-27967.511850571977,8190.726210190876
2022-10-27,-1.4551915228366852e-11,23199.166312529396,15649.708255348656,-28488.343677951143,13038.113593722665
2022-10-28,0.0,2808.585563995137,-25284.98418756051,-22684.625729733627,5921.236080534494
2022-10-31,-8799.69656183304,436.4317783770134,16439.82093063273,-29607.71660604814,-35067.42270901813
2022-11-01,-1.4551915228366852e-11,19946.390609578302,-1446.2276403410658,-32019.328286084055,14558.713771392344
2022-11-02,1.4551915228366852e-11,10525.901770528744,-3841.1982867192582,-25408.4651958241,8949.441577916223
2022-11-03,0.0,9929.291227466234,-49731.37657539267,-36209.40246699842,11824.974503692298
2022-11-04,0.0,81944.17319555389,-3110.5409640929247,-30726.915281518814,10692.722366915666
2022-11-07,34017.033549682674,6294.210197488251,-31723.902631710785,-23233.09666908519,-28278.944995914746
2022-11-08,-1.4551915228366852e-11,40861.768965466865,-30858.52833645159,-24279.84054127408,3631.115071067863
2022-11-09,0.0,53717.692837017115,-19603.193890788792,-28939.369260481748,12134.338101142817
2022-11-10,-1.4551915228366852e-11,109307.3638684369,9472.81295814691,-33152.52390595773,10053.40093724143
2022-11-11,0.0,212.95755702136609,-12402.394454779442,-28550.53534892254,18950.892819952634
2022-11-14,83936.44297495532,56660.26743834895,-10811.86479736783,-25595.767255734077,-27807.904555885903
2022-11-15,-3.637978807091713e-12,3384.4747559337047,9890.189657167515,-27443.490432432416,8017.469068198967
2022-11-16,-7.275957614183426e-12,23751.18250923234,-788.1716434980713,-30042.155076255345,10221.838673930826
2022-11-17,0.0,69378.64447341936,18885.800122809967,-28400.926787061657,-4786.470703115425
2022-11-18,1.4551915228366852e-11,3544.125635853721,-18856.78371794209,-18748.357951863432,22492.084770234098
2022-11-21,9049.02617801079,303.4476017920482,15078.497189983056,-14798.695473673679,-17494.942345154115
2022-11-22,5.820766091346741e-11,29339.343207006576,1052.8019377805385,-15702.108328590899,2161.483799967915
2022-11-23,-2.9103830456733704e-11,38609.38139304781,11686.090276415118,-21766.191435183668,8415.99082105857
2022-11-24,0.0,5517.326447335225,4585.5153701719755,-31266.151224909772,7717.128597962641
2022-11-25,1.8189894035458565e-12,17151.293319872173,-30726.447994033446,-36101.28765706768,16288.561696324905
2022-11-28,43120.76134724506,54262.12502620014,-1594.05202332539,-24724.03512478438,-29167.290014457787
2022-11-29,3.637978807091713e-12,3507.8069358043545,1460.9859047979985,-24034.237263047537,6630.179828948851
2022-11-30,0.0,58041.357267184285,8391.070815457122,-26166.578402617473,6723.410585703994
2022-12-01,0.0,137.51858023904853,-13512.475224856966,-30392.967066026224,10299.45562251335
2022-12-02,-7.275957614183426e-12,39793.36776099067,-38542.87867330191,-31460.16498713746,30560.54009429847
2022-12-05,-131856.01722234223,128173.33882803863,10214.11797247996,-24353.997633092276,-38166.91188995609
2022-12-06,0.0,21916.642989933353,-6054.375226872156,-24303.92390183424,6065.847960935687
2022-12-07,7.275957614183426e-12,4560.02960742257,-11217.426357232687,-20787.76345660552,9179.442977719467
2022-12-08,0.0,114.33571938597393,27168.240870489397,-17852.772993882383,4947.311374973899
2022-12-09,-5.684341886080802e-14,0.10115742631116965,-14928.877291052824,-20309.116785960585,6620.413820702848
2022-12-12,-3149.7463863733174,59.835945390874684,17328.949194116187,-23730.05180705338,-28492.86516713395
2022-12-13,0.0,116596.08101288999,7995.821792441533,-27320.279083641348,10834.970377002974
2022-12-14,-9.094947017729282e-13,1078.0222657431934,2307.877315453508,-26042.50370315549,6085.211645858253
2022-12-15,7.275957614183426e-12,72076.56169102316,-70996.17928634172,-30593.24145154521,4487.69661002935
2022-12-16,-4.547473508864641e-13,99.49554282472614,-33092.30742503766,-26815.053622382053,22522.655342029982
2022-12-19,24636.801774141964,4936.9233526827975,6143.241362983625,-16676.435502785513,-17658.403059925036
2022-12-20,3.637978807091713e-12,667.4879149091709,-5310.036741102182,-16039.326731815065,4502.301637017772
2022-12-21,0.0,20374.202712479582,-2427.4074602019073,-15895.35895462532,3774.3775994717
2022-12-22,1.4551915228366852e-11,6775.996419888285,-12479.988924544845,-17771.323539851903,5514.397940830579
2022-12-23,0.0,8695.268851887504,-3757.381033202251,-15813.40537295142,11262.795956039445
2022-12-26,28296.95515267463,5190.61712515564,24787.612271483184,-18318.82954296604,-23859.727399336592
2022-12-27,1.8189894035458565e-12,2803.458084045895,-389.0922693447528,-20845.810090964562,6342.6123797148575
2022-12-28,9.094947017729282e-12,13896.494854384408,-12426.526350898184,-22793.829290703776,6945.380636919079
2022-12-29,7.275957614183426e-12,11566.785788983922,-12397.68989189461,-20822.71735315857,5712.688026316515
2022-12-30,0.0,13213.724280172131,1197.3367488613508,-19603.94953782575,6135.822792069164
2023-01-02,-23897.49672727058,5014.334808205371,25030.412142290203,-24084.002123887265,-31969.797814563233
2023-01-03,1.4551915228366852e-11,144870.2841951337,11786.251570088325,-28956.203559794467,-337.0898283191782
2023-01-04,-1.4551915228366852e-11,19042.863719131852,25408.174304790395,-22534.955174228104,1407.595879432367
2023-01-05,2.9103830456733704e-11,30707.167969548744,16714.37806425845,-18279.44648561758,-1306.8524195696227
2023-01-06,5.820766091346741e-11,51648.12374468514,-1341.0650040664686,-11420.666188194395,7430.115752629004
2023-01-09,624.4472025550915,2.49170132464677,22688.08686974345,-24729.577852644077,-30690.21033633592
2023-01-10,0.0,39809.41182386607,-7524.611791435989,-27706.440609639554,11167.615665301593
2023-01-11,1.4551915228366852e-11,9053.302743982744,-508.6720113513626,-19419.19631326958,7381.171367602816
2023-01-12,-1.4551915228366852e-11,1819.3272942798606,8611.484462412247,-15585.612504824192,5070.152386579721
2023-01-13,-2.9103830456733704e-11,10819.271721628827,-7173.959475715654,-18002.675339911446,4639.052864525991
2023-01-16,-45194.895918709895,11163.147460776401,29768.08197106108,-24688.76836021598,-30347.44190654018
2023-01-17,-2.9103830456733704e-11,31130.348348665604,9412.138847805581,-24671.715193830147,6069.042228296254
2023-01-18,1.4551915228366852e-11,12198.453203274492,-3962.102335189382,-32375.649620671342,8191.962974165886
2023-01-19,1.4551915228366852e-11,4903.709270082121,-31077.07817712908,-31256.404014024552,20151.804800003243
2023-01-20,0.0,151.71195713871896,-11594.801793659273,-21896.41089529847,14193.892485077875
2023-01-23,54343.341433801004,16014.146764405434,25982.5412887404,-23205.200415512718,-31289.76893181431
2023-01-24,7.275957614183426e-12,28157.022599609427,-7414.824463753777,-28832.03698911905,9250.266894825887
2023-01-25,-2.9103830456733704e-11,29317.15267887392,408.31174545942804,-25031.71239087228,8328.44030965984
2023-01-26,0.0,17264.03455646397,11065.559826000448,-20299.679961941314,6575.28081561625
2023-01-27,0.0,0.629778403939781,-14431.864902757341,-25082.462481850627,10815.494402291552
2023-01-30,-78441.91217197455,39567.70421587615,1851.3086757430701,-28810.939272932555,-30064.206763000773
2023-01-31,7.275957614183426e-12,3834.1664586946586,3603.504889563221,-26197.906450248232,8671.534037809568
2023-02-01,1.4551915228366852e-11,8501.233168308556,4511.579011869179,-24149.753521119474,5892.910100717345
2023-02-02,-2.9103830456733704e-11,21391.430235669544,4957.344382171576,-21319.442521514447,7165.550792898692
2023-02-03,2.9103830456733704e-11,11964.296946373244,-4684.82683247567,-14171.84416529051,8184.812459456793
2023-02-06,-60993.52039824368,11473.23525567624,18756.778329617457,-14858.27133299587,-17765.479085617437
2023-02-07,-1.4551915228366852e-11,1808.2644707296517,4992.952414808402,-13042.922885834882,3260.1825599961303
2023-02-08,1.8189894035458565e-12,80.34371164896574,2258.862806762313,-14466.076487987615,4996.974175333864
2023-02-09,-1.1641532182693481e-10,47545.640930451555,9309.051588847622,-14060.155144235976,7365.060899364238
2023-02-10,2.9103830456733704e-11,37400.785604947996,-6417.947609837847,-23182.056570669687,907.0850235736871
2023-02-13,15928.162468744034,1487.181106277158,10055.629777699422,-29210.745465958993,-36611.67348740354
2023-02-14,0.0,21140.54411096511,-19169.86730486708,-33884.57109782073,12650.963091379206
2023-02-15,7.275957614183426e-12,9887.626278418351,2338.7704862312557,-29990.889181694867,9884.01423241353
2023-02-16,3.637978807091713e-12,2730.8555893390976,13152.592031107219,-27102.313767498443,6276.584659626034
2023-02-17,-1.4551915228366852e-11,14369.71263861128,-27827.92143735263,-28551.794433018527,30711.5330488466
2023-02-20,63991.20824079591,20011.968753300665,-3123.538835688861,-24362.263346013693,-30712.397986230513
2023-02-21,3.637978807091713e-12,12130.40150422662,-7434.553724939069,-27645.647495909056,7045.109395209158
2023-02-22,9.094947017729282e-13,39.56542876885636,-34685.61995751811,-26530.328337923682,11606.105355529427
2023-02-23,0.0,19668.90032710388,11951.592941653233,-23129.33329855525,5723.9792547640245
2023-02-24,0.0,6347.877216557633,-20585.57177597974,-26407.828123466476,16157.569272493696
2023-02-27,-14596.886428897058,1431.336979936477,18406.036817856828,-27437.855027452675,-34649.8395876382
2023-02-28,-2.7284841053187847e-12,2454.4222302371686,-16378.570569321939,-31817.641355612926,10053.485280690933
2023-03-01,-3.637978807091713e-12,53121.118822694974,3799.756109790229,-32640.30723318479,8653.134884250641
2023-03-02,1.8189894035458565e-12,107.99998522603381,-13049.351035931366,-32140.13365725508,9784.496654656192
2023-03-03,0.0,5745.16348573964,-33382.79854328675,-33511.58825685338,11090.522085581091
2023-03-06,-10144.492714474749,47375.79318376155,4736.329657674913,-23478.58974285943,-22884.18265053624
2023-03-07,0.0,105994.79215219745,16453.743236369788,-19227.34108600571,-14376.095726368541
2023-03-08,0.0,626.2676660429087,459.6444706874497,-10911.537794840226,2503.7206358226103
2023-03-09,-7.275957614183426e-12,562.3918679760411,3490.728463985526,-11662.309313786867,3653.961622432369
2023-03-10,0.0,3288.351713135079,20968.124154165227,-11362.343817284427,1481.3025463104714
2023-03-13,-649.9128053015706,1.265223900053475,44628.87901179664,-16976.326231048904,-22927.64724833173
2023-03-14,0.0,2.6770602477256737,-3251.7241102608746,-20509.599455288335,5173.582150174971
2023-03-15,0.0,7923.215851461965,2804.0330233227396,-19433.462886685087,7079.116272608066
2023-03-16,0.0,5462.85265588115,7387.067534083448,-16920.939766886102,6689.5355650856945
2023-03-17,-1.8189894035458565e-12,51.30720831112768,-9950.224545697782,-13797.863557081699,5082.94373050236
2023-03-20,2999.599172856222,27.70794364642385,20071.13411495,-19247.962086161082,-23481.989370912575
2023-03-21,1.4551915228366852e-11,10027.443725141431,-9238.776827943197,-20114.359077842942,4308.457117214333
2023-03-22,0.0,30.262799530896658,1061.156125248901,-21053.794583485847,6796.881906973595
2023-03-23,0.0,30441.97842292849,-25965.710476284446,-22825.890457763977,4979.679353099171
2023-03-24,-3.637978807091713e-12,345.0091000388786,12539.978849055555,-21236.78725127336,7631.052607366244
2023-03-27,-23096.212767809127,2569.5685553448625,880.5481533723977,-27727.265431307147,-33089.618159745674
2023-03-28,0.0,25391.1789389472,23490.02955931482,-29274.29235902295,11053.667513968037
2023-03-29,-3.637978807091713e-12,15183.312373824749,-42708.498996326045,-36176.97447451948,21180.406878927068
2023-03-30,3.637978807091713e-12,15339.738578794017,-2193.263415688887,-28610.532371319176,7630.746287408576
2023-03-31,0.0,1563.9362871041453,-36068.76155573465,-28107.47314558699,13136.683556789569
2023-04-03,131428.7129587557,114135.64321799699,51457.135272648986,-31470.32554467157,-40214.71241141687
2023-04-04,0.0,33838.40739085194,-9106.947313188728,-32337.09634361407,7270.845186942461
2023-04-05,-1.4551915228366852e-11,51492.26249517349,808.7578676454023,-39142.899864574785,11066.56049584797
2023-04-06,3.637978807091713e-12,2459.0113762009905,-42097.013842961074,-41809.604369606095,21048.665277187036
2023-04-07,0.0,24266.35202656807,-12358.462812808655,-34880.50824266267,24684.817118749612
2023-04-10,25750.667506477934,4063.9571254737857,51781.34633519501,-30387.73711630878,-43462.9906392072
2023-04-11,1.4551915228366852e-11,49311.910385923926,-17115.718021348417,-38408.31922219253,16343.588922709649
2023-04-12,0.0,8312.542462031153,2459.4874500505916,-33235.06379543171,7440.4880157260195
2023-04-13,2.9103830456733704e-11,54791.974194879,-26118.383441689082,-39485.71331185468,11630.081790727592
2023-04-14,0.0,11761.104994514028,-63308.976087688534,-42843.52889486365,19535.43191235159
2023-04-17,-1230.1334494818839,4000.028362953635,915.5275879508464,-27717.774397408673,-30718.95950576109
2023-04-18,0.0,7203.507182429378,-10192.039391361712,-28305.65137153452,10551.458818981846
2023-04-19,-5.820766091346741e-11,60351.758942205735,-15069.269445866026,-25234.06168966898,8672.914705026982
2023-04-20,7.275957614183426e-12,1628.8418366105734,129.55661585356165,-16679.297444280626,5358.985081407249
2023-04-21,3.637978807091713e-12,146.49334517685352,-10508.976747310713,-15681.37824227744,7999.113515186318
2023-04-24,-15197.507404359465,1011.2847449961967,17360.41982528435,-19269.69356485254,-22915.785431706987
2023-04-25,0.0,29861.771074434357,1772.988143665788,-20564.16795568003,7188.237948648661
2023-04-26,1.4551915228366852e-11,3053.748422119893,-3066.3533744319475,-14501.249107732792,5790.806843197279
2023-04-27,-1.4551915228366852e-11,3477.848560473761,16789.372515617444,-12663.798786460215,4158.67500214692
2023-04-28,0.0,3909.497981945758,-15279.54178406093,-16122.207205272347,11449.56189725433
2023-05-01,-25495.839353836447,2373.5461129484274,335.8364372012652,-18167.348397553596,-12024.073426036775
2023-05-02,-5.820766091346741e-11,45618.680838373984,9550.18463058247,-15618.358846482835,2334.660418217245
2023-05-03,2.2737367544323206e-13,0.44678840558019095,219.8157240087295,-12420.809895701015,3979.9169987496352
2023-05-04,0.0,33614.182540175265,-5599.96334808234,-12621.21929309786,2158.5664721336216
2023-05-05,5.820766091346741e-11,50329.664498858365,2695.706027390441,-16710.224664295663,2239.3456832573283
2023-05-08,92898.96260039514,44943.630388207595,49556.5972049061,-26146.141817361793,-35744.57694399867
2023-05-09,0.0,8086.57669773429,-17590.31777339899,-33468.235897668936,10834.79897735799
2023-05-10,-1.8189894035458565e-12,20171.839680978617,27706.280875967255,-32025.82517308539,11327.38622498322
2023-05-11,1.4551915228366852e-11,97593.03687509467,-59949.5768928676,-40857.33099407191,35972.04407037814
2023-05-12,-1.4551915228366852e-11,25631.585976951344,4197.242655579981,-26189.271732945745,6695.226818310686
2023-05-15,60711.9716834045,23472.718879791693,54878.28466830531,-30953.138841458298,-40558.0395750248
2023-05-16,2.9103830456733704e-11,77619.52047690522,-52917.233090300804,-33466.357201754196,5548.258588502911
2023-05-17,-4.547473508864641e-13,15977.023934939512,22931.92031640931,-37186.60822821199,7351.113504527995
2023-05-18,1.4551915228366852e-11,35603.39417992101,-20934.215687531614,-41622.612003271184,22811.07477911217
2023-05-19,-1.8189894035458565e-12,148.39510983550818,-25918.38503863221,-31764.67660742561,19021.225747715336
2023-05-22,-25074.55334466722,4083.56631976047,29738.048171096536,-29620.568095670325,-36843.75592176074
2023-05-23,-1.8189894035458565e-12,341.3692201494588,-5224.599138499554,-34053.588197727826,10268.7953554228
2023-05-24,7.275957614183426e-12,4262.113067734689,8279.070661006434,-34472.36196488725,8851.474263399941
2023-05-25,1.4551915228366852e-11,42623.8112559834,9947.88326693753,-39323.40322811957,11401.531787126005
2023-05-26,0.0,15475.930617443864,-37847.93047979666,-32585.731944074138,44396.11167538808
2023-05-29,4992.255630148895,96.12186057880632,26591.116041582776,-20815.86778074057,-29946.09180407541
2023-05-30,5.820766091346741e-11,50244.67563979328,12606.85845210814,-23949.603938526143,5005.676359360805
2023-05-31,0.0,57479.1285877708,-740.1959092951397,-16541.35770924771,8926.401487250696
2023-06-01,-2.9103830456733704e-11,7096.25316344044,-11511.677340942384,-28600.65197627766,15379.167867028926
2023-06-02,0.0,32012.203927066083,-9273.985011559904,-21339.63093817764,1525.161832265061
2023-06-05,-17848.385721433675,1646.8417166250288,23951.70741665264,-28359.915744359965,-35337.28892729255
2023-06-06,-1.4551915228366852e-11,8625.394921584868,-5706.977621050482,-31007.365744561135,10299.795140823011
2023-06-07,1.4551915228366852e-11,16650.792279771646,-1807.7524118800143,-28886.565039077388,7355.609420134497
2023-06-08,-1.4551915228366852e-11,19789.568975447186,687.2285220436607,-32731.658538012725,7451.011436016714
2023-06-09,-7.275957614183426e-12,163472.10846502933,17502.324259772293,-32684.489143642033,8390.914366971934
2023-06-12,10451.7545983553,8927.322194164828,10932.122045324428,-24413.14832700194,-34424.15199213606
2023-06-13,2.9103830456733704e-11,82076.3790714562,22395.92463248947,-30575.383338816115,-2033.7866615214152
2023-06-14,-1.4551915228366852e-11,4545.786609448961,162.0905630666889,-19696.690500947763,3487.972443369348
2023-06-15,-1.4551915228366852e-11,6805.75663887587,11035.723997076824,-23701.53430250422,9518.690660412874
2023-06-16,0.0,10811.967801923322,-18745.410439530162,-17234.96202083552,3486.577158915461
2023-06-19,101534.89501363525,41296.248872849865,14725.284178880545,-22831.87896611499,-32704.69282272605
2023-06-20,7.275957614183426e-12,10000.29087084912,23718.14376368102,-30564.997731975163,9499.93767997986
2023-06-21,0.0,278.9006423730655,44455.86477498905,-38712.20692427581,8885.379920729676
2023-06-22,-4.547473508864641e-12,3708.76662926297,-59754.83051198103,-48339.51948350368,35090.723529335286
2023-06-23,-1.4551915228366852e-11,65402.73391085126,14886.524560961576,-32742.005524360757,-4901.712482230243
2023-06-26,-81391.24828579892,46803.21790824975,42878.08874844903,-33633.14958354001,-48327.818695534224
2023-06-27,-1.0913936421275139e-11,76803.069531235,-10916.398706436368,-41070.55210142178,10508.961187272464
2023-06-28,-1.4551915228366852e-11,19698.686167379532,-3730.930668158175,-40676.35125617079,10906.232509500085
2023-06-29,0.0,3292.699396082143,-3984.3246108141766,-44894.85282139334,14025.796767451604
2023-06-30,1.8189894035458565e-12,884.7382225076053,-41425.14010490404,-46459.52600083218,26544.799860898158
2023-07-03,-34145.22720945617,10051.838422306946,16492.25516150031,-31765.880647780938,-42256.9187137893
2023-07-04,7.275957614183426e-12,35816.58560189941,11060.109931929932,-37964.79081782144,11178.700777258207
2023-07-05,-2.2737367544323206e-13,98.07461598682586,-22699.54967158567,-42691.33176172723,14234.416699706955
2023-07-06,4.3655745685100555e-11,124145.53328468776,738.1614567841893,-42965.46490946936,5072.839246415853
2023-07-07,-2.9103830456733704e-11,26295.029073220405,-46232.063922914174,-35964.34130244159,5416.31603533178
2023-07-10,103286.60603378498,87494.78763662081,51614.93171744202,-30603.01111705902,-39155.17203575584
2023-07-11,0.0,88125.86750649681,26655.502125887735,-33719.78745591668,859.2978413871024
2023-07-12,5.820766091346741e-11,82463.07079482036,24888.424453387233,-23985.06313156284,-14535.624493476062
2023-07-13,0.0,10002.938955067872,10824.063908931676,-10188.782115560343,1373.5120767298504
2023-07-14,0.0,7852.035262401387,-4992.785782085727,-5417.108992509988,-1119.761534563906
2023-07-17,27641.50033822746,1814.087045527298,22414.28176671173,-13770.736718389795,-17829.363070965155
2023-07-18,-3.637978807091713e-12,262.17005449827684,354.59291875119857,-16219.265499073184,5198.258879808107
2023-07-19,0.0,4675.222621587496,904.1094134143577,-15395.078582971886,6123.5198820101505
2023-07-20,0.0,2909.326073096355,6720.184861225507,-12820.409618314197,3761.639889974729
2023-07-21,0.0,0.2352687050078043,-5012.618621180372,-12026.505865686056,4948.127475004587
2023-07-24,-83234.20621941591,20829.40238016644,34974.66250163295,-17809.288895510508,-22759.2027866634
2023-07-25,3.637978807091713e-12,121.41460887011547,4700.932555970727,-16749.195196182252,4475.413008264075
2023-07-26,5.820766091346741e-11,20113.394086208496,-10022.114956958714,-16791.97453428853,2990.1162353453983
2023-07-27,7.275957614183426e-12,1634.256345299637,-5365.25371376646,-19304.295542794956,7960.824166211583
2023-07-28,-1.4551915228366852e-11,6362.739247080616,-8664.679330738314,-17936.62962237023,4273.966584360547
2023-07-31,-93732.08426906248,37391.77502807658,35280.13480514075,-25433.557123073282,-28416.20879291759
2023-08-01,0.0,16659.38006660565,-6688.315044503181,-24661.960890883234,6301.030753591884
2023-08-02,0.0,18986.81209626273,-7167.427007593204,-27766.02882550374,7668.372609093232
2023-08-03,7.275957614183426e-12,10365.689169340574,15155.446777405705,-29398.246225850606,8483.834976183949
2023-08-04,0.0,16600.6754861429,-7160.661446343116,-29755.495428457496,12557.416225962035
2023-08-07,1649.6621198667697,15.139420662390872,4750.120218178472,-34397.34151762502,-41049.60598962831
2023-08-08,1.4551915228366852e-11,48848.76852350077,24372.375911347484,-38341.86776733904,11866.104293394288
2023-08-09,-3.637978807091713e-12,19748.653482244586,-7298.738773791758,-46891.294849080914,14651.434500254123
2023-08-10,-7.275957614183426e-12,124269.0444022686,-12634.405777135999,-47605.20482082504,17290.909178700873
2023-08-11,-1.4551915228366852e-11,46192.34519968831,-18979.41313791905,-45258.79465535986,39391.25611854704
2023-08-14,-10027.243186210428,458.60345309243286,43638.84589355872,-29080.181176782786,-37917.47999815166
2023-08-15,0.0,17886.34156912948,12980.87464225115,-32479.870205487645,8658.323724320624
2023-08-16,0.0,9719.580383256547,-17509.140625164553,-27986.795094506422,13877.830989488648
2023-08-17,0.0,2900.170746105822,-34591.80567050613,-21100.478831242057,8627.004048722272
2023-08-18,2.9103830456733704e-11,7585.8711115820715,2019.9416277980058,-16631.140882240543,7943.077298952383
2023-08-21,-13647.22929077386,590.9896136151382,-278.7970362435294,-19389.01505552914,-17271.038065823468
2023-08-22,2.9103830456733704e-11,8177.181526370721,-6490.079088392351,-17814.905025374712,3916.869857026002
2023-08-23,-7.275957614183426e-12,1497.8617728033223,-3744.0279010798276,-20459.955842098676,5899.53285442081
2023-08-24,0.0,19866.793554145177,-5348.76599927587,-20519.437970080406,6869.886485564435
2023-08-25,-1.4551915228366852e-11,2263.382647391422,-5846.918862139871,-16356.79368841773,5303.936806315352
2023-08-28,-45040.87364154151,8261.09296841419,3034.7243533012374,-22628.000815959,-24530.380570284542
2023-08-29,0.0,30661.638345083353,-17353.707702955537,-22662.984127609016,5412.400274366984
2023-08-30,2.1827872842550278e-11,15684.182648910844,-14776.803102714633,-24223.37752347066,9155.14004407548
2023-08-31,-1.4551915228366852e-11,6426.199105174699,-8748.324110893176,-22333.44177890532,6232.7897928616585
2023-09-01,1.4551915228366852e-11,5171.938297692531,223.42620324995914,-23314.539171147517,6373.164910673273
2023-09-04,16296.702400671831,1716.6982737251542,32401.602050490896,-30139.22016040778,-39488.973447261786
2023-09-05,-2.2737367544323206e-12,2045.7972980051704,-6639.849709886679,-35896.89571666135,11450.45440111569
2023-09-06,1.4210854715202004e-14,0.8775053428278645,-20385.81423156802,-36292.23103849091,11539.50664658194
2023-09-07,9.094947017729282e-13,11264.966272694033,-20160.480856053262,-36590.48783308389,11143.784830079268
2023-09-08,0.0,3700.5646392388444,-43952.775422816645,-37501.8657231237,15344.36764056726
2023-09-11,-300.4198293805473,5.0382750468535,12083.799107260984,-26176.981058768608,-30581.77145550323
2023-09-12,-7.275957614183426e-12,11032.357291881704,-38858.97182898627,-28829.020028699044,5624.787341686082
2023-09-13,-3.637978807091713e-12,2220.483468920973,790.3834488430966,-30529.399651347612,7927.65042474887
2023-09-14,0.0,43998.23375013832,-84435.27224975044,-34981.11787871889,37183.65572059408
2023-09-15,0.0,34363.93860146861,-6920.0422099431,-17950.241915445244,485.18205095245503
2023-09-18,58812.37359677846,31355.866242842647,29553.59549658786,-23917.42255617915,-32378.55882657928
2023-09-19,7.275957614183426e-12,14789.953935378595,14195.190633068607,-27844.07229142783,6806.807757797436
2023-09-20,-1.8189894035458565e-12,2115.7746664531705,34321.559704241125,-30940.35617069075,5502.966322590267
2023-09-21,1.7053025658242404e-13,1596.998369483047,-57790.4126428138,-37089.79518586446,20581.38879984457
2023-09-22,5.684341886080802e-14,8.20304422443611,-19658.308560632846,-29231.94407567975,12196.98077122985
2023-09-25,-38415.762276629684,17908.024059964155,21770.05228313496,-25426.583894375482,-32079.506123529514
2023-09-26,0.0,358.43771011035835,15297.25209547018,-28880.62003710252,7951.487522444532
2023-09-27,0.0,179490.85395395686,52971.18758314508,-30882.198451032513,-29903.71605734562
2023-09-28,0.0,7157.967417562039,-16178.187311344118,-19599.23222808261,4576.194261865152
2023-09-29,1.4551915228366852e-11,6793.373774997568,-4225.281859800905,-18909.095963487907,10728.034065753454
2023-10-02,76968.08841693774,33562.001329372346,5483.211989044163,-19018.8698007488,-31808.60986367175
2023-10-03,0.0,72447.12744855917,9258.583097210074,-26756.470130635353,8400.259223357607
2023-10-04,0.0,44426.794051068486,33507.62736301629,-32343.387252715165,4840.253401299851
2023-10-05,-3.637978807091713e-12,2382.2100262067743,-29021.98742342738,-31512.630196231636,18023.74222280105
2023-10-06,0.0,924.2856223268709,-6011.567803606913,-24369.112433667036,9715.238977520923
2023-10-09,150703.20786658162,159778.88556072375,46940.78955447527,-25697.95977054159,-31428.184697848996
2023-10-10,1.4551915228366852e-11,41771.44528813747,-9462.962877894986,-30067.897826174594,6889.447916173842
2023-10-11,-1.8189894035458565e-12,19805.078051386583,-14364.938649276472,-35000.49103575735,10963.679220783808
2023-10-12,7.275957614183426e-12,10471.105248372094,-16138.35182939104,-35189.926103615624,15070.585964408427
2023-10-13,0.0,44206.66657625695,-7873.945452850094,-31480.106697993942,8771.300802199257
2023-10-16,8500.56544433268,11091.384375000249,-775.718297494514,-26763.42111364772,-30058.497957565716
2023-10-17,-1.4551915228366852e-11,18620.60843078018,-404.695995795459,-28678.726831323987,9889.998493686318
2023-10-18,0.0,21654.774868489254,3653.1466570436305,-25770.72520126096,5646.375740943666
2023-10-19,0.0,119.37265870325005,2225.5941491314406,-21823.39154637621,7998.069679061173
2023-10-20,-5.820766091346741e-11,18030.119893869025,-6502.573870029176,-19792.97930129964,12524.026520731102
2023-10-23,-115464.18597220004,52951.48101612113,19874.260394529432,-17015.843137523596,-22329.137865470606
2023-10-24,1.8189894035458565e-12,67.09510663013701,-530.7505440666596,-13160.66162647904,4221.529663713313
2023-10-25,1.0913936421275139e-11,296.74465392630526,-6241.9399622876845,-12888.385494454002,4774.9838678178985
2023-10-26,0.0,0.3998719541287803,-7118.8949816363,-11583.494223598727,4433.5389867988015
2023-10-27,0.0,870.6692083172145,-1711.6755834570563,-11041.888033278923,2895.185221435546
2023-10-30,-11297.54999804313,512.5480911763045,4199.127793194611,-17007.73985272568,-17708.05902374211
2023-10-31,-3.637978807091713e-12,129.46486781383342,-1546.1333765709248,-16386.171182421265,4655.501045308309
2023-11-01,0.0,2.808768057642032,-8445.92799139844,-16993.50937236092,5174.944425729565
2023-11-02,0.0,3938.4593265153703,-26872.34099323965,-16961.269168891464,14507.227207307209
2023-11-03,-7.275957614183426e-12,653.156652967855,-9341.870186215114,-11759.439062176665,3223.2802997433755
2023-11-06,-8748.086740882074,385.95958761929137,21353.736920632655,-16603.279587281275,-20127.40071665439
2023-11-07,0.0,66329.40223393589,12476.933982839473,-17799.176836264487,-2062.567623873183
2023-11-08,0.0,53.52908335569086,16985.614624859103,-14243.546651632736,3737.7484512267165
2023-11-09,0.0,34.81940015312536,-6311.480957593307,-15444.340894962701,5629.204257173121
2023-11-10,5.820766091346741e-11,28392.21627613839,-4811.2938391123225,-15208.122006338806,2103.300914942607
2023-11-13,12697.2243657219,1006.1640086104733,28667.337136856764,-24159.162201289597,-31806.747125772927
2023-11-14,1.0913936421275139e-11,5222.098915404006,406.04970191896837,-28691.938315871346,7640.275362340544
2023-11-15,2.1827872842550278e-11,77016.15457395941,12370.940129230463,-31100.402743446895,6443.155738660091
2023-11-16,0.0,157065.1222232329,8545.629932355849,-35255.666164204995,-4986.5339360377475
2023-11-17,0.0,36147.37114482739,-24250.58408215528,-31444.346153362774,7021.686624162423
2023-11-20,78831.67423446027,50979.7207449565,58700.55475586071,-28958.726494851402,-41008.77166985058
2023-11-21,0.0,20595.909916490673,29089.550030965278,-30059.074389659174,4572.96178430313
2023-11-22,-2.9103830456733704e-11,16776.225583234773,-15615.945458711709,-26880.930509817048,2327.0515405907936
2023-11-23,0.0,8779.643253868424,20762.78222588239,-31035.528861591167,8018.6596327565785
2023-11-24,0.0,4611.998772606386,-36805.05801017566,-43737.44244993636,34292.025819099224
2023-11-27,-62988.15509131391,28872.82494309209,4646.532314277836,-28646.482776009467,-27109.41790370275
2023-11-28,-7.275957614183426e-12,3353.654614355585,3996.405315585142,-24999.727142429037,6189.646968218876
2023-11-29,3.637978807091713e-12,1585.0660347284431,-12747.571645408065,-29368.633362692497,8315.142035448116
2023-11-30,0.0,31414.124993760575,-12656.194628079698,-30339.129065264107,4643.50825208801
2023-12-01,0.0,148534.5510230475,-16734.367498844527,-40594.56202335566,25966.650769920234
2023-12-04,122697.37195461825,75920.30812891317,24881.161768443515,-22123.31355886984,-33464.043811803684
2023-12-05,1.8189894035458565e-12,13460.026240440508,-15737.396945611423,-32605.634803334215,8674.722575084408
2023-12-06,9.094947017729282e-13,2707.6076596654493,-3502.1955331638587,-34313.93143242975,9646.885124367327
2023-12-07,0.0,61548.14386478696,15611.875666050804,-36601.638361322555,16690.621543563368
2023-12-08,-1.8189894035458565e-12,951.1842888269572,6376.260581141796,-29559.333872685314,11123.293918908385
2023-12-11,51934.70815824814,17846.19707113097,566.6615525087568,-32007.169828294034,-37370.601505051076
2023-12-12,-7.275957614183426e-12,11451.647648576967,-3733.691023867941,-35543.60902397007,11819.604030863142
2023-12-13,2.9103830456733704e-11,77687.02225643722,10745.810697296802,-34990.81507105902,6903.117449850426
2023-12-14,-1.8189894035458565e-12,230152.17560823663,33135.79716348781,-41996.823133990685,-5400.454418534966
2023-12-15,-5.820766091346741e-11,116559.34497908727,-4951.32602592311,-24560.491462877373,4755.0879670826835
2023-12-18,-49489.32117401736,8592.430216271976,18064.284635893884,-14867.244193650306,-17586.987144970262
2023-12-19,0.0,16166.905488389331,4191.475988967503,-13017.114134802112,3385.505241533101
2023-12-20,-2.9103830456733704e-11,7187.405425792887,-7828.825056586139,-8745.211592382702,1529.1880732900463
2023-12-21,-1.4551915228366852e-11,2138.0440717086685,3674.0087675118566,-9867.847510726191,1287.72224287047
2023-12-22,2.9103830456733704e-11,10438.379871787378,1611.9598897597207,-9058.003459791995,6700.001179253595
2023-12-25,-2799.38525572032,22.8728622966071,23209.27041840442,-11427.653773689508,-10453.680768536336
2023-12-26,0.0,1523.0427020079826,-837.1225586798432,-13090.160962243936,4666.108614302168
2023-12-27,0.0,534.685132695548,-2279.70997619592,-12430.079977473262,1784.0854233687132
2023-12-28,0.0,10047.803718038724,-11814.750150851361,-13069.701288606277,3192.1360716372437
2023-12-29,0.0,8126.9120126221615,9511.479721558278,-13261.356365462463,3345.840467358459
2024-01-01,-849.8246472469532,3.024059162650442,24257.30101608998,-18535.480689877284,-21159.178731362117
2024-01-02,-2.9103830456733704e-11,36123.62941213383,6032.234835243283,-20647.279274583805,3973.089784278636
2024-01-03,-3.637978807091713e-12,3916.1414133036114,923.1392431530176,-23147.05397544599,7177.795341390331
2024-01-04,3.637978807091713e-12,1874.6048294136115,-6316.509748077775,-23167.03109549852,7355.296624334593
2024-01-05,4.547473508864641e-13,30.56488899211265,-2341.0639241136287,-23004.924989888197,7280.607366097476
2024-01-08,80632.40354888642,39561.48775788125,20842.716379579644,-29511.86025995638,-39352.642159243536
2024-01-09,1.8189894035458565e-12,3520.3880856800297,7431.568545034548,-34860.29951350389,8339.711078883778
2024-01-10,1.8189894035458565e-12,3339.43832082285,-28864.89680054746,-37895.902300489215,12788.789072339161
2024-01-11,7.275957614183426e-12,11320.195305993937,-21770.81241661685,-37630.743749830566,14105.528528223811
2024-01-12,4.092726157978177e-12,12299.121173298301,-26959.54361908174,-34949.06401011692,29172.974810967182
2024-01-15,64900.44064463914,30218.523433286966,-14489.030731188454,-30061.823395189956,-28158.315265234487
2024-01-16,2.9103830456733704e-11,16928.519724141315,-1492.207753100737,-29256.636694386732,11868.280008900372
2024-01-17,1.4551915228366852e-11,14618.02608337934,4786.597917290168,-24519.906807707317,7236.941310439768
2024-01-18,0.0,417.58692931885116,-6975.241469000961,-19917.21767278203,7775.210558499975
2024-01-19,-1.4551915228366852e-11,2306.3828915198574,-18206.956573437277,-18021.505570008994,7514.407583466251
2024-01-22,-23494.49569794415,2964.285536689331,-12729.839513989264,-21193.863417416684,-18511.63886726323
2024-01-23,-1.4551915228366852e-11,9689.662709879918,-2872.4945863212097,-19070.18326887733,3616.6324587929557
2024-01-24,0.0,421.02339202641355,6343.8717774768065,-22198.53400680113,6685.608949241709
2024-01-25,-2.9103830456733704e-11,36576.27194911714,-42967.88043695654,-27075.75467179934,371.58135991959716
2024-01-26,-9.094947017729282e-13,608.5086472873472,-13578.369621827242,-26084.093159085325,13537.711915713804
2024-01-29,7173.393935320275,449.6732168312077,18676.033454159806,-24615.69129571488,-31465.674206521722
2024-01-30,-9.094947017729282e-13,4140.332483691392,-15493.315353224169,-28794.498161391646,9801.969316139723
2024-01-31,1.2732925824820995e-11,15348.228755435108,14133.857724547455,-28395.841895468744,7361.510719353486
2024-02-01,-7.275957614183426e-12,3851.3461644616546,-21160.16733899054,-27936.133524370613,7506.012953521706
2024-02-02,0.0,113385.95798645362,-16275.470305115674,-28579.026121161303,8264.7742023397
2024-02-05,-26791.487322403635,4545.740351168321,23034.589978763528,-19995.80147122801,-25267.129222740732
2024-02-06,-2.9103830456733704e-11,50377.23097936636,-11189.794729020636,-21242.301101822974,3855.66168894936
2024-02-07,-1.8189894035458565e-12,1451.353786027252,-11165.882471207618,-25733.50193306484,9314.890715821526
2024-02-08,-7.275957614183426e-12,14673.828990396107,-818.1643927592968,-24144.468847169344,6219.957897465181
2024-02-09,-1.4551915228366852e-11,35872.67142388475,-36188.41639352157,-22133.12062246896,7443.683725521114
2024-02-12,56530.246696641174,27742.81679097914,4218.611785275347,-22039.593738462947,-22705.13538407032
2024-02-13,5.820766091346741e-11,112867.3882602391,-1349.6067637471488,-20908.64096981994,14169.190991220872
2024-02-14,-2.9103830456733704e-11,58426.294865985015,-20661.996678301435,-26622.29671715474,12728.78367905922
2024-02-15,0.0,3058.5295316638394,-16909.32368367855,-22909.243423724056,8964.37122260663
2024-02-16,1.8189894035458565e-12,1265.441062747842,-13166.180690449735,-20311.935471991645,13060.368283759579
2024-02-19,-23493.459367988537,5163.108123273649,14046.99774227495,-20085.00091064504,-23656.429795454227
2024-02-20,3.637978807091713e-12,8289.774425923211,-7269.685419598116,-22183.225519724412,5765.803630769391
2024-02-21,0.0,604.4746518862884,-11437.001665544729,-23899.391164935354,7763.993328385997
2024-02-22,-1.8189894035458565e-12,17047.751641971176,1582.0545968435915,-23938.75474158186,3807.295130120241
2024-02-23,0.0,7180.345004120386,-40872.91590579149,-24632.454042717978,25744.059454604863
2024-02-27,-18378.1014067576,3331.9758876466813,-17939.81002868599,-19505.791323239442,-35831.94759917699
2024-02-28,-3.637978807091713e-12,41446.65043895776,5287.882367859751,-21796.215633507636,5347.565987774615
2024-02-29,-1.8189894035458565e-12,244.89308550876257,3503.1364394740585,-20869.194572961278,4899.947482349449
2024-03-01,-2.9103830456733704e-11,62184.57756104234,-20095.52786406045,-23850.294104655477,17586.751606745456
2024-03-04,62388.14355387056,52873.1676530733,8487.37402746803,-19883.458722254894,-20204.74716459174
2024-03-05,0.0,57.21533531503767,910.7443446785983,-16954.125619786842,4828.004855727373
2024-03-06,0.0,12397.910993526672,-19859.884974128934,-17305.855560329495,5527.135741345657
2024-03-07,0.0,24107.809764119433,-6370.88235182123,-15090.710107114539,34819.73443959044
2024-03-08,0.0,10474.64733713542,5053.4562019928935,-26486.64609355805,10880.463955991503
2024-03-11,-9957.769235875041,2804.7598105876427,-61.417827389963804,-20242.192155516685,-21900.018595581438
2024-03-12,-1.4551915228366852e-11,46995.20932677226,-4992.030893920079,-20944.816218252687,5474.2126855198
2024-03-13,7.275957614183426e-12,3386.011630431232,-17501.457772218233,-15974.913266106201,3330.3881033864163
2024-03-14,7.275957614183426e-12,1885.601313626525,15484.821365904507,-15699.647145748548,3690.8861468647447
2024-03-15,0.0,39610.512350011035,723.6008035673356,-15806.84371518779,4431.364843207761
2024-03-18,-19345.899974619322,2336.0140598951666,-3308.8172553315035,-14237.361029135427,-4149.419285331969
2024-03-19,0.0,388.10752809048904,2906.1371231214534,-11364.159978168726,6775.5582769481225
2024-03-20,0.0,5198.879572884357,-4780.367138460165,-14901.550343453779,2524.850595519718
2024-03-21,1.4551915228366852e-11,8273.744136540608,-27283.18517119056,-17480.09930214404,17352.393715661776
2024-03-22,1.4551915228366852e-11,10038.904757699462,13699.73570973942,-9858.659516569805,2089.1319472879986
2024-03-25,13247.15493321327,935.1039482806214,-46.29100515334039,-12547.262831186119,-15027.192653718783
2024-03-26,0.0,9241.64596297496,-6279.398590634393,-12913.088606446043,7120.163685853142
2024-03-27,0.0,1941.8728176329282,-28217.64220046955,-15931.48549684102,19452.62698612194
2024-03-28,1.4551915228366852e-11,9126.433493719742,-6384.453342546151,-9057.867088307023,7025.980196861507
2024-03-29,-1.4551915228366852e-11,6257.451167781792,6566.293112507303,-7292.934891845618,2951.231610968476
2024-04-01,-96078.71696341783,57106.521096837794,22107.91814022671,-13093.63804325937,-20815.28647373352
2024-04-02,0.0,42552.16177649288,893.1706088570197,-10461.671369792186,7512.942588291655
2024-04-03,0.0,17604.977240508346,9722.260078744632,-15114.576044815834,5213.097177787451
2024-04-04,-3.637978807091713e-12,2509.928334799671,9444.320822357879,-16870.476540201835,4612.784830133231
2024-04-05,0.0,874.6371466071162,-564.7233984310095,-18327.930529234727,6279.806295290691
2024-04-08,24894.460038706835,5483.726614467583,11181.167495842481,-22549.27093449952,-28139.956572557578
2024-04-09,-4.547473508864641e-13,817.1589199896773,21728.75761677542,-25712.51565569644,6204.085007153384
2024-04-10,-3.637978807091713e-12,33662.9671434952,-25331.698867688734,-29486.563852832165,13391.230076987558
2024-04-11,-3.637978807091713e-12,16603.289883679477,-17430.63793436572,-25829.4091345005,5769.882113212618
2024-04-12,1.1937117960769683e-12,973.934111378627,-1711.2253651074996,-27205.295254334025,8527.241592591108
2024-04-15,-14381.816807025005,5887.088194538559,-10788.880993015493,-22318.42533135129,-25946.409738528673
2024-04-16,-9.094947017729282e-13,17259.91017493671,53077.461456772464,-24592.375322486958,1889.1902109346192
2024-04-17,-1.4551915228366852e-11,56007.24827051877,-23061.149271696653,-30649.736333344026,19952.767473389424
2024-04-18,3.637978807091713e-12,1573.516202709513,-34483.15695674063,-21310.159198652218,25510.428849722466
2024-04-19,-1.4551915228366852e-11,1436.8653646317875,3251.9257630324373,-14926.837381929126,4094.6176896244797
2024-04-22,33917.29200151299,9205.601518624331,-16464.070599100007,-20760.109166638045,-26658.197284461698
2024-04-23,7.275957614183426e-12,14673.328066981527,-3813.283475037854,-23588.309216858426,6466.626911086772
2024-04-24,1.0913936421275139e-11,87186.43310262769,-5154.452995674849,-25927.947974483854,9568.584064177878
2024-04-25,0.0,31.642241651887844,12898.9942599909,-19565.735862313348,3871.5159589569166
2024-04-26,1.4551915228366852e-11,10717.94368952162,-12183.758662560911,-23610.700014791404,25006.05679873214
2024-04-29,12657.235817984194,998.423530003948,467.5046969095497,-16525.904062570706,-19180.735890642856
2024-04-30,-2.9103830456733704e-11,35227.5243132164,4459.312339115865,-16613.12624466509,663.8820461185533
2024-05-01,0.0,3918.8094387220453,-3894.1304046621954,-12688.074832678663,4983.347124024702
2024-05-02,1.4551915228366852e-11,7304.032366839763,-4036.7347318862303,-12661.70253675873,4472.467431876459
2024-05-03,0.0,36386.61359117682,-7237.101000745668,-16294.272684106956,-634.5993090343254
2024-05-06,31472.101755064297,9366.003941018775,3722.288828605934,-19618.923097887135,-23535.7461317486
2024-05-07,7.275957614183426e-12,27293.080563757074,-26784.992994336077,-21139.39844315738,19882.533075803563
2024-05-08,-3.637978807091713e-12,996.6067714430021,-1544.5792775380785,-16870.360831839425,7307.94355397562
2024-05-09,-3.637978807091713e-12,5294.615773823555,-677.0614510764618,-19990.631666729216,5804.550147808259
2024-05-10,1.3642420526593924e-12,3485.4142358904705,-4545.805960348698,-20200.108910974126,7089.130026620474
2024-05-13,-3543.786398603863,127.2234004044733,4909.836874083249,-19410.53816795869,-23415.66831836344
2024-05-14,0.0,1133.580322479674,3833.420365906736,-21559.2050930468,5663.971233938064
2024-05-15,1.4551915228366852e-11,60654.37079137753,-3693.453687617305,-24458.458753797913,8649.716312951947
2024-05-16,0.0,1999.2055816355746,-22781.67426243488,-14905.508650059868,4752.912627636819
2024-05-17,-1.4551915228366852e-11,2604.2591990228507,-5464.612446048211,-12625.473713344978,8781.991411497333
2024-05-20,7048.425735052862,342.39342738012135,1736.5067988724786,-13325.329347055227,-6484.699515337594
2024-05-21,7.275957614183426e-12,11195.02556473257,-30941.26118256374,-21135.116308612774,27676.42302548845
2024-05-22,0.0,1194.6369382542655,-6265.228628912448,-11061.319925202328,2578.0463575229805
2024-05-23,1.4551915228366852e-11,15398.834163069285,-3151.4323861438515,-11560.193059483754,4770.261668517822
2024-05-24,-2.9103830456733704e-11,20621.747173059062,19177.315044807518,-8227.893418145135,-4265.816082534555
2024-05-27,-78783.64822321787,33656.815422129075,24062.63026481285,-9907.587283772398,-16617.270108092023
2024-05-28,0.0,89.27474037068234,-3928.6368083710086,-6955.163902008072,2075.850547717215
2024-05-29,0.0,4057.7419331127453,-2754.820902454777,-6634.529847166789,521.5844229447976
2024-05-30,7.275957614183426e-12,1007.900677584334,1190.1512274298705,-7733.089770337223,2993.6028985320227
2024-05-31,-1.4551915228366852e-11,6690.837129201416,3341.426920965144,-7176.870490984398,3371.12793744987
2024-06-03,25244.642932873867,3241.0398705478806,2892.8038320375063,-9409.331153952513,-12411.65476286618
2024-06-04,2.9103830456733704e-11,45743.711626065786,12927.319397946827,-10653.118127454884,4525.827322802972
2024-06-05,0.0,13.749685430255372,4326.6821348881895,-16173.377845513325,4786.620779489422
2024-06-06,0.0,1763.0092911456063,-2131.1773292757052,-16541.35254928479,5889.916241617006
2024-06-07,2.9103830456733704e-11,48821.97207884355,287.5354209283332,-14841.082581303795,-1891.29346541001
2024-06-10,-113626.3140328011,111321.51564265313,42821.54610001823,-19154.38338787541,-31124.63829854395
2024-06-11,3.637978807091713e-12,7545.228301446827,23539.239425421496,-19571.740667095153,4883.429820371766
2024-06-12,3.637978807091713e-12,27100.85822836643,-10541.565145966226,-24009.11186839155,10079.8438285983
2024-06-13,-9.094947017729282e-13,62.54027205142455,24761.836863954104,-18775.01117517631,5458.382981526706
2024-06-14,-1.8189894035458565e-12,404.9770810147486,7673.4587041423765,-19227.50259569286,7492.154772766924
2024-06-17,12594.514666347515,1246.2813153440916,1369.7707296522635,-23446.015887654983,-28618.75052340227
2024-06-18,0.0,55085.60844725746,1398.7703471564391,-26736.557506380712,8598.269220526447
2024-06-19,0.0,253.50560961771833,12664.294538422393,-21110.472496979783,5327.027265459986
2024-06-20,-1.4551915228366852e-11,30437.902005775584,-44751.940206853564,-24853.631167830303,32997.410593731605
2024-06-21,0.0,20.7444936459105,850.0751446667509,-10136.423774898085,3738.2174848115355
2024-06-24,23545.154772681388,3581.4820884441424,-25303.990570015856,-14696.392593853838,-14826.108209305617
2024-06-25,0.0,26313.520145988212,10077.307940174238,-13312.632962320571,11934.198044313234
2024-06-26,-1.0913936421275139e-11,12042.228512033684,5110.757544609306,-21627.69063159698,5384.172827221279
2024-06-27,-4.547473508864641e-13,2782.985603631584,-4174.1676376098985,-24925.051542366138,7772.140518545873
2024-06-28,-3.637978807091713e-12,28855.29529845509,-22196.398341943615,-25670.154913958402,11398.3736359408
2024-07-01,-5152.145841465823,372.05698365573085,-12334.453137762128,-17650.19557180497,-18680.119932501453
2024-07-02,-3.353761712787673e-12,2175.0086621365385,2608.0193043677164,-17746.88152390172,5861.903997491416
2024-07-03,3.637978807091713e-12,52221.46280378716,-14898.127605987478,-20675.812787965577,16500.789450914177
2024-07-04,-7.275957614183426e-12,12215.172722557872,6018.526708719595,-14432.97124750961,3224.780534908765
2024-07-05,0.0,1159.6323491800338,-13903.131068253315,-15881.704775520306,7134.32208164164
2024-07-08,44785.68717294238,19372.384887796747,-17998.920267657002,-18470.349074944446,-14577.51999477587
2024-07-09,0.0,4205.888433678085,8663.573452327017,-16849.59639757208,4512.75692851565
2024-07-10,-5.820766091346741e-11,187582.25170658063,22786.82533810872,-20579.740093841705,-38740.61000852933
2024-07-11,0.0,6335.395393342641,15259.476924696546,-9479.994864889431,1238.9774635266513
2024-07-12,2.9103830456733704e-11,11734.277070041784,383.0137223342116,-7269.419237959148,3295.159151277243
2024-07-15,-69985.8153281615,16006.82028086688,11582.083854820128,-8771.06025500728,-9536.770029782463
2024-07-16,7.275957614183426e-12,812.9876041932644,2369.9236955006063,-7349.936823690175,1653.512341786074
2024-07-17,1.4551915228366852e-11,2734.380557718051,479.47046997819,-7823.697557112666,3074.712539453205
2024-07-18,-1.4551915228366852e-11,5225.953983335975,-6652.889526126452,-8953.283557073402,4419.270528666093
2024-07-19,-5.820766091346741e-11,29091.407205617223,4917.687429698057,-7240.545019458565,-2517.8505044772173
2024-07-22,-34543.05759012938,3721.0946684137616,27751.556463657438,-9439.829407418672,-12856.670910941102
2024-07-23,2.9103830456733704e-11,6438.106928366869,7764.375875929667,-10099.92442679546,2877.698329339357
2024-07-24,0.0,100.87577368833163,7314.162749656745,-9421.913295079183,2293.5374638832545
2024-07-25,-7.275957614183426e-12,525.361142204872,18222.28728924328,-9951.142061038125,2342.7121548509967
2024-07-26,7.275957614183426e-12,206.23157399912736,-748.3554353114744,-10718.592603085606,3503.7578839675734
2024-07-29,73235.40159178548,19323.131245208533,300.3883945634134,-15767.991771502086,-20972.131492371438
2024-07-30,-1.4551915228366852e-11,13830.44771722774,10612.442546484874,-17539.054533053244,6954.505956791094
2024-07-31,-1.4551915228366852e-11,6339.61700090119,-12259.464406814957,-19811.964322511754,8804.979348038454
2024-08-01,9.094947017729282e-13,393.9978377656182,-11771.116376716089,-23194.415420162262,17891.6529648684
2024-08-02,-1.4551915228366852e-11,73652.15527479637,28120.067009140155,-19921.981287232164,-560.9605573531298
2024-08-05,-127874.23000237613,88304.55438772618,150640.65266860003,-24983.12118625148,-63314.8859167546
2024-08-06,0.0,71451.89789784883,-37428.32076757112,-28100.553908495098,3644.3983763372526
2024-08-07,1.4551915228366852e-11,91419.86580574723,-5903.677691532201,-33238.86673196941,11043.692570536368
2024-08-08,-3.637978807091713e-12,9013.56921861423,62721.07179895902,-39303.4089225798,8794.973890459602
2024-08-09,-8.185452315956354e-12,11303.703275809232,-73730.78319424861,-46602.35652244033,23136.20429307317
2024-08-12,-14700.513826838145,1869.4155626223385,-14651.447219525107,-30556.95933541445,-37318.74120144879
2024-08-13,0.0,1734.7209842238267,11390.088851216671,-34406.68153410993,9317.795978005983
2024-08-14,0.0,27.243346987284827,-2193.3941028595636,-36174.487372403615,10208.896488784194
2024-08-15,1.8189894035458565e-12,474.19395258519705,-108280.29751492907,-38780.00310485346,56217.19148912013
2024-08-16,0.0,1810.5561911032817,-135.88708342765403,-17334.12682138223,6051.198353996868
2024-08-19,-72970.4181436745,32147.412781720916,46720.007726343785,-22243.226626152682,-29363.193567228212
2024-08-20,-3.637978807091713e-12,500.2306903830099,-2437.4977262711227,-19851.71388633337,7484.501471626878
2024-08-21,-1.4551915228366852e-11,4999.807441551607,-5264.6569156616415,-18177.954043795467,3894.6489312933845
2024-08-22,0.0,17267.1317777664,-27535.086327091172,-20669.975007668334,2498.7938081316242
2024-08-23,0.0,27014.508651939403,13524.1280755948,-21000.681587431256,6826.480670885096
2024-08-26,65328.57390469585,24202.452084628858,4342.602088769889,-21896.673785890303,-31017.79365291282
2024-08-27,0.0,31566.13814906583,30916.791708678073,-27711.39739162884,5312.832284618606
2024-08-28,-7.275957614183426e-12,4424.106369889619,-2138.4472186793373,-25272.576428530647,9811.606699132393
2024-08-29,1.4551915228366852e-11,10884.849234008183,14239.778132637683,-22064.21968926544,5375.860931747724
2024-08-30,-5.820766091346741e-11,36934.6988641027,-28925.466191970623,-20117.638356428568,758.1382927079394
2024-09-02,13338.356993005793,1279.4521706288454,15740.09441202356,-27168.90858355543,-35147.371801266054
2024-09-03,0.0,41133.98823935014,593.0970882130241,-32084.63057671473,9017.826121734168
2024-09-04,0.0,1790.5792517083808,14668.305414187462,-34862.04081453078,8780.499635919583
2024-09-05,0.0,2359.310124501417,-35908.61378124138,-39132.27642241791,15162.661615144723
2024-09-06,0.0,57538.49879458747,-30446.801769138023,-36783.96729758374,27968.472650602715
2024-09-09,-68980.2331481394,34532.406486738204,31809.130286218526,-23491.261978892257,-30672.989670004346
2024-09-10,0.0,490.27055778098565,7617.526492993708,-20780.031431376185,5837.7030384229
2024-09-11,0.0,113.14422808317737,-11118.769878138439,-23091.188262416777,10873.515215666237
2024-09-12,0.0,31396.597361706918,-8545.919277963047,-19067.920340214423,595.510000004113
2024-09-13,1.4551915228366852e-11,25382.106244966486,5496.76115926624,-25751.986399203997,3024.938956131373
2024-09-16,9016.989591522171,2526.0504748391054,35321.787343765056,-27615.32048078449,-37272.56179481567
2024-09-17,6.821210263296962e-13,182.017848389097,5005.58402908897,-33795.009472581245,9610.4234053726
2024-09-18,0.0,2021.494367566032,-10400.754619088522,-35846.140737891765,10343.526179560475
2024-09-19,5.4569682106375694e-12,32161.058943205026,-40710.1865675793,-38384.01300237672,12111.252957827419
2024-09-20,4.547473508864641e-13,42.68977485219656,-25691.519823560695,-34483.77820730094,12757.647665100623
2024-09-23,-3533.9663548631943,15547.438388737979,28484.82971502634,-25198.264465157547,-29993.328213721215
2024-09-24,1.4551915228366852e-11,7362.273899121719,14150.513496788291,-26279.696629176848,7876.168251186733
2024-09-25,0.0,117590.9410759079,-20676.08670620965,-24651.533817527426,13081.96528256862
2024-09-26,-2.2737367544323206e-13,23.22163964617073,-22710.137884573247,-34543.05750959279,12869.019265492941
2024-09-27,-5.9117155615240335e-12,22195.615512826327,-5848.306701850415,-32691.80722009986,10365.575130819692
2024-09-30,2405.3308120696056,3099.9072297584976,8903.772384059019,-23425.197067315705,-30278.41905383782
2024-10-01,0.0,6.3252568797818345,1410.1161253674225,-27289.133042894653,7885.141931389589
2024-10-02,1.4551915228366852e-11,36717.75126651039,23139.95362197432,-28225.49575807946,5118.360665168686
2024-10-03,0.0,4767.949743257052,-11325.608770546125,-23432.626575217324,6292.189481700072
2024-10-04,3.637978807091713e-12,505.0657867108947,11190.278236940452,-23065.99386586385,9530.235722612124
2024-10-07,-15018.93403777986,1552.3120312266426,-1074.0852170438457,-26178.631958727194,-29198.30414920824
2024-10-08,0.0,39720.83497820856,-20535.593055684825,-27407.350004024804,6351.653326168787
2024-10-09,-5.9117155615240335e-12,13098.918431230466,-2556.8523518016864,-31976.196780836428,9188.353394831182
2024-10-10,-7.275957614183426e-12,21655.38758689675,-31724.89438002521,-34719.64052332335,16278.705181950747
2024-10-11,1.8189894035458565e-12,19335.16014964334,-9170.478080833333,-29877.606539749508,17305.435146247088
2024-10-14,83204.3121076615,60787.841787333615,-3201.0963763043437,-25976.556812185776,-28370.977176164513
2024-10-15,-9.094947017729282e-13,30.23914377190984,-96.39771863988744,-27467.311785752165,8002.27736029886
2024-10-16,0.0,45226.85738521469,928.9014775626808,-28957.97814643657,7448.203117921657
2024-10-17,-1.4551915228366852e-11,4254.766452675323,-9982.275917900319,-21958.233877134382,5226.108946104636
2024-10-18,1.4551915228366852e-11,12060.389676949657,-13914.409801317812,-22608.663812209586,18449.150678943726
2024-10-21,28373.594737394393,4597.609873536742,8439.675446602563,-19216.366926079736,-25447.594251856033
2024-10-22,-1.4551915228366852e-11,20066.587369375375,-15421.819717089184,-22789.84087997347,3986.6735958136414
2024-10-23,7.275957614183426e-12,32486.14529544041,19436.636725809512,-27139.79624669319,3751.1379628077266
2024-10-24,3.637978807091713e-12,523.0371503277856,-4307.434518628605,-23688.295327078285,6602.618475049785
2024-10-25,0.0,203.83740532558505,-12063.358152188746,-24450.619194286,16054.979053077983
2024-10-28,-39216.89338358747,9978.879312484236,13155.399200970214,-21425.925239666773,-23234.64026540323
2024-10-29,0.0,6048.712567078803,-650.8622489757353,-20652.8383903856,5282.466740328222
2024-10-30,0.0,13706.070156610736,29754.728112777204,-23108.857679953235,1800.8200169681077
2024-10-31,0.0,26714.19880765317,-3354.675182511084,-22804.147898268493,13077.165320376283
2024-11-01,1.4551915228366852e-11,856.8548505338704,-7768.42368643177,-16533.580969697276,6959.732559149441
2024-11-04,15347.310558357654,1164.5667354754787,22426.185612817833,-19913.17497018469,-25197.73391981782
2024-11-05,-1.8189894035458565e-12,102.14307977428547,17464.353078248005,-22377.976493968905,7651.877151874129
2024-11-06,1.4551915228366852e-11,34175.151996451714,-29121.347350117445,-27022.70582264072,5098.482969319943
2024-11-07,2.9103830456733704e-11,151185.43899589192,-16261.524992818306,-30396.445946691674,949.434124613108
2024-11-08,-1.4551915228366852e-11,22843.622102914756,-42888.050238995806,-30382.006834740685,24606.310896583032
2024-11-11,30550.818963586047,7543.007558626607,27982.994339967412,-21756.43617975013,-25652.552317426234
2024-11-12,-1.8189894035458565e-12,334.20878544812433,-9891.505489618445,-22088.205891762285,6190.758883728442
2024-11-13,0.0,26.61498723005078,-10823.152644246236,-22630.31486944558,7658.7718183256875
2024-11-14,-7.275957614183426e-12,4466.048530858295,579.4281807920759,-22243.842569484783,7583.791840564729
2024-11-15,0.0,20910.022684684373,11630.41364739273,-18815.503611648237,8893.225807219365
2024-11-18,-26889.031327045363,3846.025967437411,14666.92779754191,-15112.184795159987,-15872.691829419979
2024-11-19,-1.4551915228366852e-11,2402.7501534214916,16678.771797438527,-13792.992724314718,3742.1907221875736
2024-11-20,-1.4551915228366852e-11,2835.7001598515476,-5857.686571903739,-12621.178965245854,2374.6253907515493
2024-11-21,2.9103830456733704e-11,18397.224722891657,8037.0269334954755,-14034.950489434726,3543.709229134518
2024-11-22,-2.9103830456733704e-11,13281.524870033463,7386.470153300269,-9218.55474165838,1592.733398848679
2024-11-25,106879.05346586925,45062.76390385677,-7954.730708440122,-11019.161595036983,-19143.366218819487
2024-11-26,2.9103830456733704e-11,20392.442394739028,-20600.29104457992,-14941.140859873229,3525.713500025362
2024-11-27,-1.8189894035458565e-12,1143.4757728247823,4979.068088860792,-16403.07289551804,4769.1597156212365
2024-11-28,-1.4551915228366852e-11,5780.781420907126,2293.623471184169,-16264.978821309684,3785.474622574464
2024-11-29,7.275957614183426e-12,2531.674785192975,-5078.891394149502,-15443.126706442159,4712.079365967838
2024-12-02,-25495.308093609478,4814.097544725907,18038.18392481146,-20968.670549396327,-25381.51587106581
2024-12-03,0.0,5039.64177788308,-1944.690042379451,-22487.823105300984,7692.825130069175
2024-12-04,9.094947017729282e-13,224.01261327009266,-4081.0452903885002,-20942.309762183068,6183.027592861934
2024-12-05,0.0,27330.569347167562,-13012.130583599206,-21221.796771467743,3124.99247225374
2024-12-06,1.4551915228366852e-11,93387.3705034625,-25163.112252640527,-24264.541478388914,-1647.984207507041
2024-12-09,-11395.573776522899,15888.656097958923,15269.956046627176,-17595.42298611238,-25064.330105743968
2024-12-10,2.2737367544323206e-13,7.380616824063136,-2939.8785283664474,-22902.638440282713,7097.356291765711
2024-12-11,7.275957614183426e-12,11981.05273007621,4483.292005272309,-23314.0504561818,5835.265366245221
2024-12-12,0.0,122.49359456565163,5049.0300045160075,-27792.70312352143,7396.051393381018
2024-12-13,-2.2737367544323206e-13,71.38714248806292,-30839.69642068744,-31144.266864883233,14792.583105263795
2024-12-16,-3408.0105560037973,3416.665927399442,14435.4272400061,-18598.705187880358,-21764.00482578062
2024-12-17,7.275957614183426e-12,3067.499102990173,-15836.807829657413,-19421.683300442593,7590.651223413736
2024-12-18,-7.275957614183426e-12,13844.767440891372,-15910.585246357015,-17997.39671400648,7452.842288479944
2024-12-19,-2.9103830456733704e-11,32523.54727171782,-41537.963183251646,-16629.80574335681,17427.04889231923
2024-12-20,5.820766091346741e-11,11264.136770418674,741.1796152182878,-10777.318837961364,2406.2814843828965
2024-12-23,-9198.49890409078,678.1369160265674,-5291.583438870151,-16045.262615405005,-19367.37789667379
2024-12-24,-7.275957614183426e-12,11839.396273542337,15462.387175465288,-17624.59582491691,5402.765853203411
2024-12-25,0.0,0.0,283.6151105272528,-21650.96408542126,7353.044792567152
2024-12-26,-1.4551915228366852e-11,78989.96863333718,728.3586272813936,-21114.59608982885,-3562.421600337635
2024-12-27,1.4551915228366852e-11,7016.835618079691,807.7287033963125,-15515.768199618926,4436.2733298171515
2024-12-30,50958.29866776128,24115.41730002816,20460.25917387397,-20125.15183062804,-26837.176731533178
2024-12-31,1.1368683772161603e-13,244.8821365317446,7980.52705886639,-24216.211924354368,7268.687351406061
